"Time of Day","Process Name","PID","Operation","Path","Result","Detail"
"9:22:36.0085259 PM","Explorer.EXE","9848","CreateFile","D:\","SUCCESS","Desired Access: Read Attributes, Disposition: Open, Options: Open Reparse Point, Attributes: n/a, ShareMode: Read, Write, Delete, AllocationSize: n/a, OpenResult: Opened"
"9:22:36.0085542 PM","Explorer.EXE","9848","QueryBasicInformationFile","D:\","SUCCESS","CreationTime: 1/1/1601 2:00:00 AM, LastAccessTime: 1/1/1601 2:00:00 AM, LastWriteTime: 1/1/1601 2:00:00 AM, ChangeTime: 1/1/1601 2:00:00 AM, FileAttributes: D"
"9:22:36.0085681 PM","Explorer.EXE","9848","CloseFile","D:\","SUCCESS",""
"9:22:36.0087554 PM","Explorer.EXE","9848","CreateFile","D:\","SUCCESS","Desired Access: Read Attributes, Disposition: Open, Options: Open Reparse Point, Attributes: n/a, ShareMode: Read, Write, Delete, AllocationSize: n/a, OpenResult: Opened"
"9:22:36.0087714 PM","Explorer.EXE","9848","QueryBasicInformationFile","D:\","SUCCESS","CreationTime: 1/1/1601 2:00:00 AM, LastAccessTime: 1/1/1601 2:00:00 AM, LastWriteTime: 1/1/1601 2:00:00 AM, ChangeTime: 1/1/1601 2:00:00 AM, FileAttributes: D"
"9:22:36.0087812 PM","Explorer.EXE","9848","CloseFile","D:\","SUCCESS",""
"9:22:36.0327640 PM","Explorer.EXE","9848","CreateFile","D:\desktop.ini","NAME NOT FOUND","Desired Access: Read Attributes, Disposition: Open, Options: Open Reparse Point, Attributes: n/a, ShareMode: Read, Write, Delete, AllocationSize: n/a"
"9:22:36.0328907 PM","Explorer.EXE","9848","CreateFile","D:\desktop.ini","NAME NOT FOUND","Desired Access: Read Attributes, Read Control, Synchronize, Disposition: Open, Options: Synchronous IO Non-Alert, Non-Directory File, Disallow Exclusive, Attributes: n/a, ShareMode: Read, Write, AllocationSize: n/a"
"9:22:36.0330076 PM","Explorer.EXE","9848","CreateFile","D:\desktop.ini","NAME NOT FOUND","Desired Access: Read Attributes, Disposition: Open, Options: Open Reparse Point, Attributes: n/a, ShareMode: Read, Write, Delete, AllocationSize: n/a"
"9:22:36.0331470 PM","Explorer.EXE","9848","CreateFile","D:\desktop.ini","NAME NOT FOUND","Desired Access: Generic Read, Disposition: Open, Options: Sequential Access, Synchronous IO Non-Alert, Non-Directory File, Attributes: n/a, ShareMode: Read, Write, Delete, AllocationSize: n/a"
"9:22:36.0332705 PM","Explorer.EXE","9848","CreateFile","D:\","SUCCESS","Desired Access: Read Data/List Directory, Read Attributes, Synchronize, Disposition: Open, Options: Synchronous IO Non-Alert, Attributes: n/a, ShareMode: Read, Write, Delete, AllocationSize: n/a, OpenResult: Opened"
"9:22:36.0332961 PM","Explorer.EXE","9848","QueryRemoteProtocolInformation","D:\","INVALID PARAMETER",""
"9:22:36.0333066 PM","Explorer.EXE","9848","QueryDirectory","D:\","SUCCESS","FileInformationClass: FileIdBothDirectoryInformation, 1: System Volume Information, 2: confidential-memo.pdf, 3: hr-record.pdf, 4: test-document.txt"
"9:22:36.0334414 PM","Explorer.EXE","9848","QueryDirectory","D:\","NO MORE FILES","FileInformationClass: FileIdBothDirectoryInformation"
"9:22:36.0334768 PM","Explorer.EXE","9848","CloseFile","D:\","SUCCESS",""
"9:22:37.4914257 PM","Explorer.EXE","9848","CreateFile","D:\confidential-memo.pdf","SUCCESS","Desired Access: Read Attributes, Synchronize, Disposition: Open, Options: Synchronous IO Non-Alert, Non-Directory File, Attributes: n/a, ShareMode: Read, Write, AllocationSize: n/a, OpenResult: Opened"
"9:22:37.4914601 PM","Explorer.EXE","9848","CloseFile","D:\confidential-memo.pdf","SUCCESS",""
"9:22:37.4915159 PM","Explorer.EXE","9848","CreateFile","D:\confidential-memo.pdf","SUCCESS","Desired Access: Read Attributes, Synchronize, Disposition: Open, Options: Synchronous IO Non-Alert, Attributes: n/a, ShareMode: Read, Write, AllocationSize: n/a, OpenResult: Opened"
"9:22:37.4915300 PM","Explorer.EXE","9848","CloseFile","D:\confidential-memo.pdf","SUCCESS",""
"9:22:37.4915823 PM","Explorer.EXE","9848","CreateFile","D:\confidential-memo.pdf","SUCCESS","Desired Access: Read Attributes, Synchronize, Disposition: Open, Options: Synchronous IO Alert, Attributes: n/a, ShareMode: Read, Write, AllocationSize: n/a, OpenResult: Opened"
"9:22:37.4916057 PM","Explorer.EXE","9848","DeviceIoControl","D:\confidential-memo.pdf","INVALID PARAMETER","Control: IOCTL_MOUNTDEV_QUERY_DEVICE_NAME"
"9:22:37.4916145 PM","Explorer.EXE","9848","CloseFile","D:\confidential-memo.pdf","SUCCESS",""
"9:22:37.4916653 PM","Explorer.EXE","9848","CreateFile","D:\confidential-memo.pdf","NAME INVALID","Desired Access: Read Attributes, Synchronize, Disposition: Open, Options: Synchronous IO Non-Alert, Open Reparse Point, Attributes: N, ShareMode: Read, Write, AllocationSize: n/a"
"9:22:37.5527511 PM","Explorer.EXE","9848","CreateFile","D:\confidential-memo.pdf","SUCCESS","Desired Access: Read Attributes, Synchronize, Disposition: Open, Options: Synchronous IO Non-Alert, Non-Directory File, Attributes: n/a, ShareMode: Read, Write, AllocationSize: n/a, OpenResult: Opened"
"9:22:37.5527771 PM","Explorer.EXE","9848","CloseFile","D:\confidential-memo.pdf","SUCCESS",""
"9:22:37.5528795 PM","Explorer.EXE","9848","CreateFile","D:\confidential-memo.pdf","SUCCESS","Desired Access: Read Attributes, Synchronize, Disposition: Open, Options: Synchronous IO Non-Alert, Attributes: n/a, ShareMode: Read, Write, AllocationSize: n/a, OpenResult: Opened"
"9:22:37.5529023 PM","Explorer.EXE","9848","CloseFile","D:\confidential-memo.pdf","SUCCESS",""
"9:22:37.5529747 PM","Explorer.EXE","9848","CreateFile","D:\confidential-memo.pdf","SUCCESS","Desired Access: Read Attributes, Synchronize, Disposition: Open, Options: Synchronous IO Alert, Attributes: n/a, ShareMode: Read, Write, AllocationSize: n/a, OpenResult: Opened"
"9:22:37.5530031 PM","Explorer.EXE","9848","DeviceIoControl","D:\confidential-memo.pdf","INVALID PARAMETER","Control: IOCTL_MOUNTDEV_QUERY_DEVICE_NAME"
"9:22:37.5530290 PM","Explorer.EXE","9848","CloseFile","D:\confidential-memo.pdf","SUCCESS",""
"9:22:37.5531455 PM","Explorer.EXE","9848","CreateFile","D:\confidential-memo.pdf","NAME INVALID","Desired Access: Read Attributes, Synchronize, Disposition: Open, Options: Synchronous IO Non-Alert, Open Reparse Point, Attributes: N, ShareMode: Read, Write, AllocationSize: n/a"
"9:22:37.7712819 PM","Explorer.EXE","9848","CreateFile","D:\confidential-memo.pdf","SUCCESS","Desired Access: Read Attributes, Disposition: Open, Options: Open Reparse Point, Attributes: n/a, ShareMode: Read, Write, Delete, AllocationSize: n/a, OpenResult: Opened"
"9:22:37.7712983 PM","Explorer.EXE","9848","QueryBasicInformationFile","D:\confidential-memo.pdf","SUCCESS","CreationTime: 9/12/2026 7:27:05 PM, LastAccessTime: 9/12/2026 12:00:00 AM, LastWriteTime: 9/10/2026 3:38:34 PM, ChangeTime: 1/1/1601 2:00:00 AM, FileAttributes: A"
"9:22:37.7713063 PM","Explorer.EXE","9848","CloseFile","D:\confidential-memo.pdf","SUCCESS",""
"9:22:37.7713760 PM","Explorer.EXE","9848","CreateFile","D:\confidential-memo.pdf","SUCCESS","Desired Access: Read Attributes, Read Control, Synchronize, Disposition: Open, Options: Synchronous IO Non-Alert, Non-Directory File, Disallow Exclusive, Attributes: n/a, ShareMode: Read, Write, AllocationSize: n/a, OpenResult: Opened"
"9:22:37.7713925 PM","Explorer.EXE","9848","QuerySecurityFile","D:\confidential-memo.pdf","INVALID DEVICE REQUEST","Information: Label"
"9:22:37.7714016 PM","Explorer.EXE","9848","QuerySecurityFile","D:\confidential-memo.pdf","INVALID DEVICE REQUEST","Information: Label"
"9:22:37.7714138 PM","Explorer.EXE","9848","CloseFile","D:\confidential-memo.pdf","SUCCESS",""
"9:22:37.7715044 PM","Explorer.EXE","9848","CreateFile","D:\confidential-memo.pdf","SUCCESS","Desired Access: Read Attributes, Disposition: Open, Options: Open Reparse Point, Attributes: n/a, ShareMode: Read, Write, Delete, AllocationSize: n/a, OpenResult: Opened"
"9:22:37.7715155 PM","Explorer.EXE","9848","QueryBasicInformationFile","D:\confidential-memo.pdf","SUCCESS","CreationTime: 9/12/2026 7:27:05 PM, LastAccessTime: 9/12/2026 12:00:00 AM, LastWriteTime: 9/10/2026 3:38:34 PM, ChangeTime: 1/1/1601 2:00:00 AM, FileAttributes: A"
"9:22:37.7715226 PM","Explorer.EXE","9848","CloseFile","D:\confidential-memo.pdf","SUCCESS",""
"9:22:37.7716267 PM","Explorer.EXE","9848","CreateFile","D:\confidential-memo.pdf","SUCCESS","Desired Access: Read Attributes, Disposition: Open, Options: Open Reparse Point, Attributes: n/a, ShareMode: Read, Write, Delete, AllocationSize: n/a, OpenResult: Opened"
"9:22:37.7716377 PM","Explorer.EXE","9848","QueryBasicInformationFile","D:\confidential-memo.pdf","SUCCESS","CreationTime: 9/12/2026 7:27:05 PM, LastAccessTime: 9/12/2026 12:00:00 AM, LastWriteTime: 9/10/2026 3:38:34 PM, ChangeTime: 1/1/1601 2:00:00 AM, FileAttributes: A"
"9:22:37.7716449 PM","Explorer.EXE","9848","CloseFile","D:\confidential-memo.pdf","SUCCESS",""
"9:22:37.7717360 PM","Explorer.EXE","9848","CreateFile","D:\confidential-memo.pdf:Zone.Identifier","NAME INVALID","Desired Access: Read Attributes, Disposition: Open, Options: Open Reparse Point, Attributes: n/a, ShareMode: Read, Write, Delete, AllocationSize: n/a"
"9:22:37.7717924 PM","Explorer.EXE","9848","CreateFile","D:\confidential-memo.pdf","SUCCESS","Desired Access: Read Attributes, Synchronize, Disposition: Open, Options: Synchronous IO Non-Alert, Non-Directory File, Attributes: n/a, ShareMode: Read, Write, AllocationSize: n/a, OpenResult: Opened"
"9:22:37.7718079 PM","Explorer.EXE","9848","CloseFile","D:\confidential-memo.pdf","SUCCESS",""
"9:22:37.7718662 PM","Explorer.EXE","9848","CreateFile","D:\confidential-memo.pdf","SUCCESS","Desired Access: Read Attributes, Synchronize, Disposition: Open, Options: Synchronous IO Non-Alert, Attributes: n/a, ShareMode: Read, Write, AllocationSize: n/a, OpenResult: Opened"
"9:22:37.7718797 PM","Explorer.EXE","9848","CloseFile","D:\confidential-memo.pdf","SUCCESS",""
"9:22:37.7719252 PM","Explorer.EXE","9848","CreateFile","D:\confidential-memo.pdf","SUCCESS","Desired Access: Read Attributes, Synchronize, Disposition: Open, Options: Synchronous IO Alert, Attributes: n/a, ShareMode: Read, Write, AllocationSize: n/a, OpenResult: Opened"
"9:22:37.7719481 PM","Explorer.EXE","9848","DeviceIoControl","D:\confidential-memo.pdf","INVALID PARAMETER","Control: IOCTL_MOUNTDEV_QUERY_DEVICE_NAME"
"9:22:37.7719568 PM","Explorer.EXE","9848","CloseFile","D:\confidential-memo.pdf","SUCCESS",""
"9:22:37.7720050 PM","Explorer.EXE","9848","CreateFile","D:\confidential-memo.pdf","NAME INVALID","Desired Access: Read Attributes, Synchronize, Disposition: Open, Options: Synchronous IO Non-Alert, Open Reparse Point, Attributes: N, ShareMode: Read, Write, AllocationSize: n/a"
"9:22:37.8185591 PM","Explorer.EXE","9848","CreateFile","D:\","SUCCESS","Desired Access: Read Attributes, Disposition: Open, Options: Open Reparse Point, Attributes: n/a, ShareMode: Read, Write, Delete, AllocationSize: n/a, OpenResult: Opened"
"9:22:37.8185850 PM","Explorer.EXE","9848","QueryBasicInformationFile","D:\","SUCCESS","CreationTime: 1/1/1601 2:00:00 AM, LastAccessTime: 1/1/1601 2:00:00 AM, LastWriteTime: 1/1/1601 2:00:00 AM, ChangeTime: 1/1/1601 2:00:00 AM, FileAttributes: D"
"9:22:37.8185957 PM","Explorer.EXE","9848","CloseFile","D:\","SUCCESS",""
"9:22:37.8611683 PM","Explorer.EXE","9848","CreateFile","D:\confidential-memo.pdf","SUCCESS","Desired Access: Read Attributes, Disposition: Open, Options: Open Reparse Point, Attributes: n/a, ShareMode: Read, Write, Delete, AllocationSize: n/a, OpenResult: Opened"
"9:22:37.8611865 PM","Explorer.EXE","9848","QueryBasicInformationFile","D:\confidential-memo.pdf","SUCCESS","CreationTime: 9/12/2026 7:27:05 PM, LastAccessTime: 9/12/2026 12:00:00 AM, LastWriteTime: 9/10/2026 3:38:34 PM, ChangeTime: 1/1/1601 2:00:00 AM, FileAttributes: A"
"9:22:37.8611946 PM","Explorer.EXE","9848","CloseFile","D:\confidential-memo.pdf","SUCCESS",""
"9:22:37.8613007 PM","Explorer.EXE","9848","CreateFile","D:\confidential-memo.pdf","SUCCESS","Desired Access: Read Attributes, Disposition: Open, Options: Open Reparse Point, Attributes: n/a, ShareMode: Read, Write, Delete, AllocationSize: n/a, OpenResult: Opened"
"9:22:37.8613112 PM","Explorer.EXE","9848","QueryBasicInformationFile","D:\confidential-memo.pdf","SUCCESS","CreationTime: 9/12/2026 7:27:05 PM, LastAccessTime: 9/12/2026 12:00:00 AM, LastWriteTime: 9/10/2026 3:38:34 PM, ChangeTime: 1/1/1601 2:00:00 AM, FileAttributes: A"
"9:22:37.8613180 PM","Explorer.EXE","9848","CloseFile","D:\confidential-memo.pdf","SUCCESS",""
"9:22:37.8832227 PM","Acrobat.exe","5444","CreateFile","D:\","SUCCESS","Desired Access: Execute/Traverse, Synchronize, Disposition: Open, Options: Directory, Synchronous IO Non-Alert, Attributes: n/a, ShareMode: Read, Write, AllocationSize: n/a, OpenResult: Opened"
"9:22:37.8879999 PM","Explorer.EXE","9848","CreateFile","D:\","SUCCESS","Desired Access: Synchronize, Disposition: Open, Options: Directory, Synchronous IO Non-Alert, Attributes: n/a, ShareMode: Read, Write, AllocationSize: n/a, OpenResult: Opened"
"9:22:37.8880291 PM","Explorer.EXE","9848","QueryNameInformationFile","D:\","SUCCESS","Name: \"
"9:22:37.8880435 PM","Explorer.EXE","9848","QueryInformationVolume","D:\","SUCCESS","VolumeCreationTime: 1/1/1601 2:00:00 AM, VolumeSerialNumber: 3CE5-D415, SupportsObjects: False, VolumeLabel: "
"9:22:37.8880542 PM","Explorer.EXE","9848","CloseFile","D:\","SUCCESS",""
"9:22:37.8881815 PM","Explorer.EXE","9848","CreateFile","D:\confidential-memo.pdf","SUCCESS","Desired Access: Read Attributes, Synchronize, Disposition: Open, Options: Synchronous IO Non-Alert, Open Reparse Point, Attributes: n/a, ShareMode: Read, Write, Delete, AllocationSize: n/a, OpenResult: Opened"
"9:22:37.8882298 PM","Explorer.EXE","9848","QueryNetworkOpenInformationFile","D:\confidential-memo.pdf","SUCCESS","CreationTime: 9/12/2026 7:27:05 PM, LastAccessTime: 9/12/2026 12:00:00 AM, LastWriteTime: 9/10/2026 3:38:34 PM, ChangeTime: 1/1/1601 2:00:00 AM, AllocationSize: 1/1/1601 2:00:00 AM, EndOfFile: 1/1/1601 2:00:00 AM, FileAttributes: A"
"9:22:37.8882413 PM","Explorer.EXE","9848","FileSystemControl","D:\confidential-memo.pdf","INVALID DEVICE REQUEST","Control: FSCTL_CREATE_OR_GET_OBJECT_ID"
"9:22:37.8882632 PM","Explorer.EXE","9848","CloseFile","D:\confidential-memo.pdf","SUCCESS",""
"9:22:37.9170235 PM","Acrobat.exe","5444","FileSystemControl","D:\","SUCCESS","Control: FSCTL_IS_VOLUME_MOUNTED"
"9:22:37.9184693 PM","Acrobat.exe","5444","FileSystemControl","D:\","SUCCESS","Control: FSCTL_IS_VOLUME_MOUNTED"
"9:22:37.9186251 PM","Acrobat.exe","5444","CloseFile","D:\","SUCCESS",""
"9:22:37.9203662 PM","Acrobat.exe","5444","CreateFile","D:\","SUCCESS","Desired Access: Execute/Traverse, Synchronize, Disposition: Open, Options: Directory, Synchronous IO Non-Alert, Attributes: n/a, ShareMode: Read, Write, AllocationSize: n/a, OpenResult: Opened"
"9:22:37.9281023 PM","Acrobat.exe","5444","CreateFile","D:\confidential-memo.pdf","SUCCESS","Desired Access: Read Attributes, Synchronize, Disposition: Open, Options: Synchronous IO Non-Alert, Open No Recall, Attributes: n/a, ShareMode: Read, Write, Delete, AllocationSize: n/a, OpenResult: Opened"
"9:22:37.9283404 PM","Acrobat.exe","5444","CloseFile","D:\confidential-memo.pdf","SUCCESS",""
"9:22:37.9285683 PM","Acrobat.exe","5444","CreateFile","D:\confidential-memo.pdf","SUCCESS","Desired Access: Read Attributes, Synchronize, Disposition: Open, Options: Synchronous IO Non-Alert, Open No Recall, Attributes: n/a, ShareMode: Read, Write, Delete, AllocationSize: n/a, OpenResult: Opened"
"9:22:37.9286337 PM","Acrobat.exe","5444","QueryNameInformationFile","D:\confidential-memo.pdf","SUCCESS","Name: \confidential-memo.pdf"
"9:22:37.9286635 PM","Acrobat.exe","5444","QueryNameInformationFile","D:\confidential-memo.pdf","SUCCESS","Name: \confidential-memo.pdf"
"9:22:37.9287422 PM","Acrobat.exe","5444","QueryNormalizedNameInformationFile","D:\confidential-memo.pdf","SUCCESS",""
"9:22:37.9287768 PM","Acrobat.exe","5444","CloseFile","D:\confidential-memo.pdf","SUCCESS",""
"9:22:37.9365968 PM","Acrobat.exe","5444","FileSystemControl","D:\","SUCCESS","Control: FSCTL_IS_VOLUME_MOUNTED"
"9:22:37.9368011 PM","Acrobat.exe","5444","CloseFile","D:\","SUCCESS",""
"9:22:37.9381403 PM","Acrobat.exe","5444","CreateFile","D:\","SUCCESS","Desired Access: Execute/Traverse, Synchronize, Disposition: Open, Options: Directory, Synchronous IO Non-Alert, Attributes: n/a, ShareMode: Read, Write, AllocationSize: n/a, OpenResult: Opened"
"9:22:37.9615600 PM","Acrobat.exe","5444","FileSystemControl","D:\","SUCCESS","Control: FSCTL_IS_VOLUME_MOUNTED"
"9:22:37.9616883 PM","Acrobat.exe","5444","CloseFile","D:\","SUCCESS",""
"9:22:37.9617338 PM","Acrobat.exe","5444","CreateFile","D:\","SUCCESS","Desired Access: Execute/Traverse, Synchronize, Disposition: Open, Options: Directory, Synchronous IO Non-Alert, Attributes: n/a, ShareMode: Read, Write, AllocationSize: n/a, OpenResult: Opened"
"9:22:37.9929868 PM","Acrobat.exe","5444","FileSystemControl","D:\","SUCCESS","Control: FSCTL_IS_VOLUME_MOUNTED"
"9:22:37.9931406 PM","Acrobat.exe","5444","CloseFile","D:\","SUCCESS",""
"9:22:37.9931873 PM","Acrobat.exe","5444","CreateFile","D:\","SUCCESS","Desired Access: Execute/Traverse, Synchronize, Disposition: Open, Options: Directory, Synchronous IO Non-Alert, Attributes: n/a, ShareMode: Read, Write, AllocationSize: n/a, OpenResult: Opened"
"9:22:37.9932743 PM","Acrobat.exe","5444","FileSystemControl","D:\","SUCCESS","Control: FSCTL_IS_VOLUME_MOUNTED"
"9:22:37.9933768 PM","Acrobat.exe","5444","CloseFile","D:\","SUCCESS",""
"9:22:37.9934174 PM","Acrobat.exe","5444","CreateFile","D:\","SUCCESS","Desired Access: Execute/Traverse, Synchronize, Disposition: Open, Options: Directory, Synchronous IO Non-Alert, Attributes: n/a, ShareMode: Read, Write, AllocationSize: n/a, OpenResult: Opened"
"9:22:38.0549357 PM","Acrobat.exe","5444","FileSystemControl","D:\","SUCCESS","Control: FSCTL_IS_VOLUME_MOUNTED"
"9:22:38.0550651 PM","Acrobat.exe","5444","CloseFile","D:\","SUCCESS",""
"9:22:38.0551068 PM","Acrobat.exe","5444","CreateFile","D:\","SUCCESS","Desired Access: Execute/Traverse, Synchronize, Disposition: Open, Options: Directory, Synchronous IO Non-Alert, Attributes: n/a, ShareMode: Read, Write, AllocationSize: n/a, OpenResult: Opened"
"9:22:38.0571250 PM","Acrobat.exe","5444","CloseFile","D:\","SUCCESS",""
"9:22:38.0916727 PM","Explorer.EXE","9848","CreateFile","D:\","SUCCESS","Desired Access: Read Data/List Directory, Read Attributes, Synchronize, Disposition: Open, Options: Synchronous IO Non-Alert, Attributes: n/a, ShareMode: Read, Write, Delete, AllocationSize: n/a, OpenResult: Opened"
"9:22:38.0917091 PM","Explorer.EXE","9848","QueryRemoteProtocolInformation","D:\","INVALID PARAMETER",""
"9:22:38.0917203 PM","Explorer.EXE","9848","QueryDirectory","D:\confidential-memo.pdf","SUCCESS","FileInformationClass: FileIdBothDirectoryInformation, Filter: confidential-memo.pdf, 2: confidential-memo.pdf"
"9:22:38.0917693 PM","Explorer.EXE","9848","CloseFile","D:\","SUCCESS",""
"9:22:38.0928477 PM","Explorer.EXE","9848","CreateFile","D:\","SUCCESS","Desired Access: Synchronize, Disposition: Open, Options: Directory, Synchronous IO Non-Alert, Attributes: n/a, ShareMode: Read, Write, AllocationSize: n/a, OpenResult: Opened"
"9:22:38.0928711 PM","Explorer.EXE","9848","QueryNameInformationFile","D:\","SUCCESS","Name: \"
"9:22:38.0928874 PM","Explorer.EXE","9848","QueryInformationVolume","D:\","SUCCESS","VolumeCreationTime: 1/1/1601 2:00:00 AM, VolumeSerialNumber: 3CE5-D415, SupportsObjects: False, VolumeLabel: "
"9:22:38.0928987 PM","Explorer.EXE","9848","CloseFile","D:\","SUCCESS",""
"9:22:38.0929879 PM","Explorer.EXE","9848","CreateFile","D:\confidential-memo.pdf","SUCCESS","Desired Access: Read Attributes, Synchronize, Disposition: Open, Options: Synchronous IO Non-Alert, Open Reparse Point, Attributes: n/a, ShareMode: Read, Write, Delete, AllocationSize: n/a, OpenResult: Opened"
"9:22:38.0930054 PM","Explorer.EXE","9848","QueryNetworkOpenInformationFile","D:\confidential-memo.pdf","SUCCESS","CreationTime: 9/12/2026 7:27:05 PM, LastAccessTime: 9/12/2026 12:00:00 AM, LastWriteTime: 9/10/2026 3:38:34 PM, ChangeTime: 1/1/1601 2:00:00 AM, AllocationSize: 1/1/1601 2:00:00 AM, EndOfFile: 1/1/1601 2:00:00 AM, FileAttributes: A"
"9:22:38.0930314 PM","Explorer.EXE","9848","FileSystemControl","D:\confidential-memo.pdf","INVALID DEVICE REQUEST","Control: FSCTL_CREATE_OR_GET_OBJECT_ID"
"9:22:38.0930546 PM","Explorer.EXE","9848","CloseFile","D:\confidential-memo.pdf","SUCCESS",""
"9:22:38.1017182 PM","Explorer.EXE","9848","CreateFile","D:\","SUCCESS","Desired Access: Read Attributes, Disposition: Open, Options: Open Reparse Point, Attributes: n/a, ShareMode: Read, Write, Delete, AllocationSize: n/a, OpenResult: Opened"
"9:22:38.1017427 PM","Explorer.EXE","9848","QueryBasicInformationFile","D:\","SUCCESS","CreationTime: 1/1/1601 2:00:00 AM, LastAccessTime: 1/1/1601 2:00:00 AM, LastWriteTime: 1/1/1601 2:00:00 AM, ChangeTime: 1/1/1601 2:00:00 AM, FileAttributes: D"
"9:22:38.1017505 PM","Explorer.EXE","9848","CloseFile","D:\","SUCCESS",""
"9:22:38.1019547 PM","Explorer.EXE","9848","CreateFile","D:\","SUCCESS","Desired Access: Read Attributes, Disposition: Open, Options: Open Reparse Point, Attributes: n/a, ShareMode: Read, Write, Delete, AllocationSize: n/a, OpenResult: Opened"
"9:22:38.1019734 PM","Explorer.EXE","9848","QueryBasicInformationFile","D:\","SUCCESS","CreationTime: 1/1/1601 2:00:00 AM, LastAccessTime: 1/1/1601 2:00:00 AM, LastWriteTime: 1/1/1601 2:00:00 AM, ChangeTime: 1/1/1601 2:00:00 AM, FileAttributes: D"
"9:22:38.1019817 PM","Explorer.EXE","9848","CloseFile","D:\","SUCCESS",""
"9:22:38.1595195 PM","Explorer.EXE","9848","CreateFile","D:\","SUCCESS","Desired Access: Synchronize, Disposition: Open, Options: Directory, Synchronous IO Non-Alert, Attributes: n/a, ShareMode: Read, Write, AllocationSize: n/a, OpenResult: Opened"
"9:22:38.1595648 PM","Explorer.EXE","9848","QueryNameInformationFile","D:\","SUCCESS","Name: \"
"9:22:38.1595885 PM","Explorer.EXE","9848","QueryInformationVolume","D:\","SUCCESS","VolumeCreationTime: 1/1/1601 2:00:00 AM, VolumeSerialNumber: 3CE5-D415, SupportsObjects: False, VolumeLabel: "
"9:22:38.1596152 PM","Explorer.EXE","9848","CloseFile","D:\","SUCCESS",""
"9:22:38.1597527 PM","Explorer.EXE","9848","CreateFile","D:\confidential-memo.pdf","SUCCESS","Desired Access: Read Attributes, Synchronize, Disposition: Open, Options: Synchronous IO Non-Alert, Open Reparse Point, Attributes: n/a, ShareMode: Read, Write, Delete, AllocationSize: n/a, OpenResult: Opened"
"9:22:38.1597833 PM","Explorer.EXE","9848","QueryNetworkOpenInformationFile","D:\confidential-memo.pdf","SUCCESS","CreationTime: 9/12/2026 7:27:05 PM, LastAccessTime: 9/12/2026 12:00:00 AM, LastWriteTime: 9/10/2026 3:38:34 PM, ChangeTime: 1/1/1601 2:00:00 AM, AllocationSize: 1/1/1601 2:00:00 AM, EndOfFile: 1/1/1601 2:00:00 AM, FileAttributes: A"
"9:22:38.1598019 PM","Explorer.EXE","9848","FileSystemControl","D:\confidential-memo.pdf","INVALID DEVICE REQUEST","Control: FSCTL_CREATE_OR_GET_OBJECT_ID"
"9:22:38.1598153 PM","Explorer.EXE","9848","CloseFile","D:\confidential-memo.pdf","SUCCESS",""
"9:22:38.1811295 PM","Explorer.EXE","9848","CreateFile","D:\","SUCCESS","Desired Access: Synchronize, Disposition: Open, Options: Directory, Synchronous IO Non-Alert, Attributes: n/a, ShareMode: Read, Write, AllocationSize: n/a, OpenResult: Opened"
"9:22:38.1811732 PM","Explorer.EXE","9848","QueryNameInformationFile","D:\","SUCCESS","Name: \"
"9:22:38.1811923 PM","Explorer.EXE","9848","QueryInformationVolume","D:\","SUCCESS","VolumeCreationTime: 1/1/1601 2:00:00 AM, VolumeSerialNumber: 3CE5-D415, SupportsObjects: False, VolumeLabel: "
"9:22:38.1812044 PM","Explorer.EXE","9848","CloseFile","D:\","SUCCESS",""
"9:22:38.1813131 PM","Explorer.EXE","9848","CreateFile","D:\confidential-memo.pdf","SUCCESS","Desired Access: Read Attributes, Synchronize, Disposition: Open, Options: Synchronous IO Non-Alert, Open Reparse Point, Attributes: n/a, ShareMode: Read, Write, Delete, AllocationSize: n/a, OpenResult: Opened"
"9:22:38.1813507 PM","Explorer.EXE","9848","QueryNetworkOpenInformationFile","D:\confidential-memo.pdf","SUCCESS","CreationTime: 9/12/2026 7:27:05 PM, LastAccessTime: 9/12/2026 12:00:00 AM, LastWriteTime: 9/10/2026 3:38:34 PM, ChangeTime: 1/1/1601 2:00:00 AM, AllocationSize: 1/1/1601 2:00:00 AM, EndOfFile: 1/1/1601 2:00:00 AM, FileAttributes: A"
"9:22:38.1813619 PM","Explorer.EXE","9848","FileSystemControl","D:\confidential-memo.pdf","INVALID DEVICE REQUEST","Control: FSCTL_CREATE_OR_GET_OBJECT_ID"
"9:22:38.1813731 PM","Explorer.EXE","9848","CloseFile","D:\confidential-memo.pdf","SUCCESS",""
"9:22:38.1814336 PM","Explorer.EXE","9848","CreateFile","D:\","SUCCESS","Desired Access: Synchronize, Disposition: Open, Options: Directory, Synchronous IO Non-Alert, Attributes: n/a, ShareMode: Read, Write, AllocationSize: n/a, OpenResult: Opened"
"9:22:38.1814523 PM","Explorer.EXE","9848","QueryNameInformationFile","D:\","SUCCESS","Name: \"
"9:22:38.1814681 PM","Explorer.EXE","9848","QueryInformationVolume","D:\","SUCCESS","VolumeCreationTime: 1/1/1601 2:00:00 AM, VolumeSerialNumber: 3CE5-D415, SupportsObjects: False, VolumeLabel: "
"9:22:38.1814795 PM","Explorer.EXE","9848","CloseFile","D:\","SUCCESS",""
"9:22:38.1815525 PM","Explorer.EXE","9848","CreateFile","D:\confidential-memo.pdf","SUCCESS","Desired Access: Read Attributes, Synchronize, Disposition: Open, Options: Synchronous IO Non-Alert, Open Reparse Point, Attributes: n/a, ShareMode: Read, Write, Delete, AllocationSize: n/a, OpenResult: Opened"
"9:22:38.1815666 PM","Explorer.EXE","9848","QueryNetworkOpenInformationFile","D:\confidential-memo.pdf","SUCCESS","CreationTime: 9/12/2026 7:27:05 PM, LastAccessTime: 9/12/2026 12:00:00 AM, LastWriteTime: 9/10/2026 3:38:34 PM, ChangeTime: 1/1/1601 2:00:00 AM, AllocationSize: 1/1/1601 2:00:00 AM, EndOfFile: 1/1/1601 2:00:00 AM, FileAttributes: A"
"9:22:38.1815758 PM","Explorer.EXE","9848","FileSystemControl","D:\confidential-memo.pdf","INVALID DEVICE REQUEST","Control: FSCTL_CREATE_OR_GET_OBJECT_ID"
"9:22:38.1815849 PM","Explorer.EXE","9848","CloseFile","D:\confidential-memo.pdf","SUCCESS",""
"9:22:38.1820795 PM","Explorer.EXE","9848","CreateFile","D:\","SUCCESS","Desired Access: Read Data/List Directory, Read Attributes, Synchronize, Disposition: Open, Options: Synchronous IO Non-Alert, Attributes: n/a, ShareMode: Read, Write, Delete, AllocationSize: n/a, OpenResult: Opened"
"9:22:38.1821069 PM","Explorer.EXE","9848","QueryRemoteProtocolInformation","D:\","INVALID PARAMETER",""
"9:22:38.1821168 PM","Explorer.EXE","9848","QueryDirectory","D:\confidential-memo.pdf","SUCCESS","FileInformationClass: FileIdBothDirectoryInformation, Filter: confidential-memo.pdf, 2: confidential-memo.pdf"
"9:22:38.1821547 PM","Explorer.EXE","9848","CloseFile","D:\","SUCCESS",""
"9:22:38.1822319 PM","Explorer.EXE","9848","CreateFile","D:\","SUCCESS","Desired Access: Synchronize, Disposition: Open, Options: Directory, Synchronous IO Non-Alert, Attributes: n/a, ShareMode: Read, Write, AllocationSize: n/a, OpenResult: Opened"
"9:22:38.1822520 PM","Explorer.EXE","9848","QueryNameInformationFile","D:\","SUCCESS","Name: \"
"9:22:38.1822647 PM","Explorer.EXE","9848","QueryInformationVolume","D:\","SUCCESS","VolumeCreationTime: 1/1/1601 2:00:00 AM, VolumeSerialNumber: 3CE5-D415, SupportsObjects: False, VolumeLabel: "
"9:22:38.1822743 PM","Explorer.EXE","9848","CloseFile","D:\","SUCCESS",""
"9:22:38.1823502 PM","Explorer.EXE","9848","CreateFile","D:\confidential-memo.pdf","SUCCESS","Desired Access: Read Attributes, Synchronize, Disposition: Open, Options: Synchronous IO Non-Alert, Open Reparse Point, Attributes: n/a, ShareMode: Read, Write, Delete, AllocationSize: n/a, OpenResult: Opened"
"9:22:38.1823654 PM","Explorer.EXE","9848","QueryNetworkOpenInformationFile","D:\confidential-memo.pdf","SUCCESS","CreationTime: 9/12/2026 7:27:05 PM, LastAccessTime: 9/12/2026 12:00:00 AM, LastWriteTime: 9/10/2026 3:38:34 PM, ChangeTime: 1/1/1601 2:00:00 AM, AllocationSize: 1/1/1601 2:00:00 AM, EndOfFile: 1/1/1601 2:00:00 AM, FileAttributes: A"
"9:22:38.1823753 PM","Explorer.EXE","9848","FileSystemControl","D:\confidential-memo.pdf","INVALID DEVICE REQUEST","Control: FSCTL_CREATE_OR_GET_OBJECT_ID"
"9:22:38.1823851 PM","Explorer.EXE","9848","CloseFile","D:\confidential-memo.pdf","SUCCESS",""
"9:22:38.2614648 PM","Explorer.EXE","9848","CreateFile","D:\","SUCCESS","Desired Access: Synchronize, Disposition: Open, Options: Directory, Synchronous IO Non-Alert, Attributes: n/a, ShareMode: Read, Write, AllocationSize: n/a, OpenResult: Opened"
"9:22:38.2614985 PM","Explorer.EXE","9848","QueryNameInformationFile","D:\","SUCCESS","Name: \"
"9:22:38.2615154 PM","Explorer.EXE","9848","QueryInformationVolume","D:\","SUCCESS","VolumeCreationTime: 1/1/1601 2:00:00 AM, VolumeSerialNumber: 3CE5-D415, SupportsObjects: False, VolumeLabel: "
"9:22:38.2615265 PM","Explorer.EXE","9848","CloseFile","D:\","SUCCESS",""
"9:22:38.2615675 PM","Explorer.EXE","9848","CreateFile","D:\","SUCCESS","Desired Access: Read Attributes, Synchronize, Disposition: Open, Options: Synchronous IO Non-Alert, Open Reparse Point, Attributes: n/a, ShareMode: Read, Write, Delete, AllocationSize: n/a, OpenResult: Opened"
"9:22:38.2615995 PM","Explorer.EXE","9848","QueryNetworkOpenInformationFile","D:\","SUCCESS","CreationTime: 1/1/1980 12:00:00 AM, LastAccessTime: 1/1/1980 12:00:00 AM, LastWriteTime: 1/1/1980 12:00:00 AM, ChangeTime: 1/1/1601 2:00:00 AM, AllocationSize: 1/1/1601 2:00:00 AM, EndOfFile: 1/1/1601 2:00:00 AM, FileAttributes: D"
"9:22:38.2616102 PM","Explorer.EXE","9848","FileSystemControl","D:\","INVALID DEVICE REQUEST","Control: FSCTL_CREATE_OR_GET_OBJECT_ID"
"9:22:38.2616202 PM","Explorer.EXE","9848","CloseFile","D:\","SUCCESS",""
"9:22:38.2705365 PM","Explorer.EXE","9848","CreateFile","D:\confidential-memo.pdf","SUCCESS","Desired Access: Read Attributes, Synchronize, Disposition: Open, Options: Synchronous IO Non-Alert, Non-Directory File, Attributes: n/a, ShareMode: Read, AllocationSize: n/a, OpenResult: Opened"
"9:22:38.2705622 PM","Explorer.EXE","9848","FileSystemControl","D:\confidential-memo.pdf","INVALID DEVICE REQUEST","Control: FSCTL_CREATE_OR_GET_OBJECT_ID"
"9:22:38.2705736 PM","Explorer.EXE","9848","CloseFile","D:\confidential-memo.pdf","SUCCESS",""
"9:22:38.2897753 PM","Acrobat.exe","5444","CreateFile","D:\agm.ini","NAME NOT FOUND","Desired Access: Read Attributes, Synchronize, Disposition: Open, Options: Synchronous IO Non-Alert, Open No Recall, Attributes: n/a, ShareMode: Read, Write, Delete, AllocationSize: n/a"
"9:22:38.2898227 PM","Acrobat.exe","5444","CreateFile","D:\","SUCCESS","Desired Access: Read Attributes, Synchronize, Disposition: Open, Options: Synchronous IO Non-Alert, Open No Recall, Attributes: n/a, ShareMode: Read, Write, Delete, AllocationSize: n/a, OpenResult: Opened"
"9:22:38.2898708 PM","Acrobat.exe","5444","QueryNameInformationFile","D:\","SUCCESS","Name: \"
"9:22:38.2898904 PM","Acrobat.exe","5444","QueryNameInformationFile","D:\","SUCCESS","Name: \"
"9:22:38.2900031 PM","Acrobat.exe","5444","QueryNormalizedNameInformationFile","D:\","SUCCESS",""
"9:22:38.2900425 PM","Acrobat.exe","5444","CloseFile","D:\","SUCCESS",""
"9:22:38.2902722 PM","Acrobat.exe","5444","CreateFile","D:\agm.ini","NAME NOT FOUND","Desired Access: Read Attributes, Synchronize, Disposition: Open, Options: Synchronous IO Non-Alert, Open No Recall, Attributes: n/a, ShareMode: Read, Write, Delete, AllocationSize: n/a"
"9:22:38.2903066 PM","Acrobat.exe","5444","CreateFile","D:\","SUCCESS","Desired Access: Read Attributes, Synchronize, Disposition: Open, Options: Synchronous IO Non-Alert, Open No Recall, Attributes: n/a, ShareMode: Read, Write, Delete, AllocationSize: n/a, OpenResult: Opened"
"9:22:38.2903415 PM","Acrobat.exe","5444","QueryNameInformationFile","D:\","SUCCESS","Name: \"
"9:22:38.2903667 PM","Acrobat.exe","5444","QueryNameInformationFile","D:\","SUCCESS","Name: \"
"9:22:38.2904422 PM","Acrobat.exe","5444","QueryNormalizedNameInformationFile","D:\","SUCCESS",""
"9:22:38.2904692 PM","Acrobat.exe","5444","CloseFile","D:\","SUCCESS",""
"9:22:38.8695636 PM","Acrobat.exe","5444","CreateFile","D:\","SUCCESS","Desired Access: Read Attributes, Synchronize, Disposition: Open, Options: Synchronous IO Non-Alert, Open No Recall, Attributes: n/a, ShareMode: Read, Write, Delete, AllocationSize: n/a, OpenResult: Opened"
"9:22:38.8696026 PM","Acrobat.exe","5444","QueryNameInformationFile","D:\","SUCCESS","Name: \"
"9:22:38.8696141 PM","Acrobat.exe","5444","QueryNameInformationFile","D:\","SUCCESS","Name: \"
"9:22:38.8696700 PM","Acrobat.exe","5444","QueryNormalizedNameInformationFile","D:\","SUCCESS",""
"9:22:38.8696854 PM","Acrobat.exe","5444","CloseFile","D:\","SUCCESS",""
"9:22:38.8697158 PM","Acrobat.exe","5444","CreateFile","D:\","SUCCESS","Desired Access: Read Data/List Directory, Synchronize, Disposition: Open, Options: Directory, Synchronous IO Non-Alert, Attributes: n/a, ShareMode: Read, Write, Delete, AllocationSize: n/a, OpenResult: Opened"
"9:22:38.8697385 PM","Acrobat.exe","5444","QueryNameInformationFile","D:\","SUCCESS","Name: \"
"9:22:38.8697477 PM","Acrobat.exe","5444","QueryNameInformationFile","D:\","SUCCESS","Name: \"
"9:22:38.8698187 PM","Acrobat.exe","26588","QueryDirectory","D:\confidential-memo.pdf","SUCCESS","FileInformationClass: FileBothDirectoryInformation, Filter: confidential-memo.pdf, 2: confidential-memo.pdf"
"9:22:38.8698627 PM","Acrobat.exe","26588","CloseFile","D:\","SUCCESS",""
"9:22:38.8703318 PM","Acrobat.exe","5444","CreateFile","D:\","SUCCESS","Desired Access: Read Attributes, Synchronize, Disposition: Open, Options: Synchronous IO Non-Alert, Open No Recall, Attributes: n/a, ShareMode: Read, Write, Delete, AllocationSize: n/a, OpenResult: Opened"
"9:22:38.8703571 PM","Acrobat.exe","5444","QueryNameInformationFile","D:\","SUCCESS","Name: \"
"9:22:38.8703664 PM","Acrobat.exe","5444","QueryNameInformationFile","D:\","SUCCESS","Name: \"
"9:22:38.8704475 PM","Acrobat.exe","5444","QueryNormalizedNameInformationFile","D:\","SUCCESS",""
"9:22:38.8704599 PM","Acrobat.exe","5444","CloseFile","D:\","SUCCESS",""
"9:22:38.8705113 PM","Acrobat.exe","5444","CreateFile","D:\","SUCCESS","Desired Access: Read Data/List Directory, Synchronize, Disposition: Open, Options: Directory, Synchronous IO Non-Alert, Attributes: n/a, ShareMode: Read, Write, Delete, AllocationSize: n/a, OpenResult: Opened"
"9:22:38.8705381 PM","Acrobat.exe","5444","QueryNameInformationFile","D:\","SUCCESS","Name: \"
"9:22:38.8705483 PM","Acrobat.exe","5444","QueryNameInformationFile","D:\","SUCCESS","Name: \"
"9:22:38.8705829 PM","Acrobat.exe","26588","QueryDirectory","D:\confidential-memo.pdf","SUCCESS","FileInformationClass: FileBothDirectoryInformation, Filter: confidential-memo.pdf, 2: confidential-memo.pdf"
"9:22:38.8706044 PM","Acrobat.exe","26588","CloseFile","D:\","SUCCESS",""
"9:22:38.8728219 PM","Acrobat.exe","5444","CreateFile","D:\","SUCCESS","Desired Access: Read Attributes, Synchronize, Disposition: Open, Options: Synchronous IO Non-Alert, Open No Recall, Attributes: n/a, ShareMode: Read, Write, Delete, AllocationSize: n/a, OpenResult: Opened"
"9:22:38.8728636 PM","Acrobat.exe","5444","QueryNameInformationFile","D:\","SUCCESS","Name: \"
"9:22:38.8728783 PM","Acrobat.exe","5444","QueryNameInformationFile","D:\","SUCCESS","Name: \"
"9:22:38.8729388 PM","Acrobat.exe","5444","QueryNormalizedNameInformationFile","D:\","SUCCESS",""
"9:22:38.8729604 PM","Acrobat.exe","5444","CloseFile","D:\","SUCCESS",""
"9:22:38.8730237 PM","Acrobat.exe","5444","CreateFile","D:\","SUCCESS","Desired Access: Read Data/List Directory, Synchronize, Disposition: Open, Options: Directory, Synchronous IO Non-Alert, Attributes: n/a, ShareMode: Read, Write, Delete, AllocationSize: n/a, OpenResult: Opened"
"9:22:38.8730603 PM","Acrobat.exe","5444","QueryNameInformationFile","D:\","SUCCESS","Name: \"
"9:22:38.8730907 PM","Acrobat.exe","5444","QueryNameInformationFile","D:\","SUCCESS","Name: \"
"9:22:38.8731449 PM","Acrobat.exe","26588","QueryDirectory","D:\confidential-memo.pdf","SUCCESS","FileInformationClass: FileBothDirectoryInformation, Filter: confidential-memo.pdf, 2: confidential-memo.pdf"
"9:22:38.8731789 PM","Acrobat.exe","26588","CloseFile","D:\","SUCCESS",""
"9:22:38.8744766 PM","Acrobat.exe","5444","CreateFile","D:\confidential-memo.pdf","SUCCESS","Desired Access: Read Attributes, Synchronize, Disposition: Open, Options: Synchronous IO Non-Alert, Open No Recall, Attributes: n/a, ShareMode: Read, Write, Delete, AllocationSize: n/a, OpenResult: Opened"
"9:22:38.8745089 PM","Acrobat.exe","5444","QueryNameInformationFile","D:\confidential-memo.pdf","SUCCESS","Name: \confidential-memo.pdf"
"9:22:38.8745194 PM","Acrobat.exe","5444","QueryNameInformationFile","D:\confidential-memo.pdf","SUCCESS","Name: \confidential-memo.pdf"
"9:22:38.8745834 PM","Acrobat.exe","5444","QueryNormalizedNameInformationFile","D:\confidential-memo.pdf","SUCCESS",""
"9:22:38.8745975 PM","Acrobat.exe","5444","CloseFile","D:\confidential-memo.pdf","SUCCESS",""
"9:22:38.8746937 PM","Acrobat.exe","5444","CreateFile","D:\confidential-memo.pdf","SUCCESS","Desired Access: Generic Read, Disposition: Open, Options: Synchronous IO Non-Alert, Non-Directory File, Attributes: N, ShareMode: Read, AllocationSize: n/a, OpenResult: Opened"
"9:22:38.8747492 PM","Acrobat.exe","5444","FileSystemControl","D:\confidential-memo.pdf","INVALID DEVICE REQUEST","Control: 0x90390 (Device:0x9 Function:228 Method: 0)"
"9:22:38.8747630 PM","Acrobat.exe","5444","QueryBasicInformationFile","D:\confidential-memo.pdf","SUCCESS","CreationTime: 9/12/2026 7:27:05 PM, LastAccessTime: 9/12/2026 12:00:00 AM, LastWriteTime: 9/10/2026 3:38:34 PM, ChangeTime: 1/1/1601 2:00:00 AM, FileAttributes: A"
"9:22:38.8747724 PM","Acrobat.exe","5444","FileSystemControl","D:\confidential-memo.pdf","INVALID DEVICE REQUEST","Control: 0x90390 (Device:0x9 Function:228 Method: 0)"
"9:22:38.8747812 PM","Acrobat.exe","5444","QueryAttributeInformationVolume","D:\confidential-memo.pdf","SUCCESS","FileSystemAttributes: Case Preserved, Unicode, EFS, 0x200, MaximumComponentNameLength: 255, FileSystemName: FAT32"
"9:22:38.8755551 PM","MsMpEng.exe","6804","CreateFileMapping","D:\confidential-memo.pdf","FILE LOCKED WITH ONLY READERS","SyncType: SyncTypeCreateSection, PageProtection: PAGE_READONLY"
"9:22:38.8755673 PM","MsMpEng.exe","6804","QueryStandardInformationFile","D:\confidential-memo.pdf","SUCCESS","AllocationSize: 32,768, EndOfFile: 3,102, NumberOfLinks: 1, DeletePending: False, Directory: False"
"9:22:38.8756303 PM","MsMpEng.exe","6804","ReadFile","D:\confidential-memo.pdf","SUCCESS","Offset: 0, Length: 3,102, I/O Flags: Non-cached, Paging I/O, Synchronous Paging I/O, Priority: Normal"
"9:22:38.8878217 PM","Acrobat.exe","5444","QueryNameInformationFile","D:\confidential-memo.pdf","BUFFER OVERFLOW","Name: \confi"
"9:22:38.8878500 PM","Acrobat.exe","5444","QueryNameInformationFile","D:\confidential-memo.pdf","SUCCESS","Name: \confidential-memo.pdf"
"9:22:38.8879481 PM","Acrobat.exe","26588","QueryStandardInformationFile","D:\confidential-memo.pdf","SUCCESS","AllocationSize: 32,768, EndOfFile: 3,102, NumberOfLinks: 1, DeletePending: False, Directory: False"
"9:22:38.8879782 PM","Acrobat.exe","26588","ReadFile","D:\confidential-memo.pdf","SUCCESS","Offset: 0, Length: 8, Priority: Normal"
"9:22:38.8880304 PM","Acrobat.exe","26588","CloseFile","D:\confidential-memo.pdf","SUCCESS",""
"9:22:38.8886076 PM","Acrobat.exe","5444","CreateFile","D:\confidential-memo.pdf","SUCCESS","Desired Access: Read Attributes, Synchronize, Disposition: Open, Options: Synchronous IO Non-Alert, Open No Recall, Attributes: n/a, ShareMode: Read, Write, Delete, AllocationSize: n/a, OpenResult: Opened"
"9:22:38.8886678 PM","Acrobat.exe","5444","QueryNameInformationFile","D:\confidential-memo.pdf","SUCCESS","Name: \confidential-memo.pdf"
"9:22:38.8886842 PM","Acrobat.exe","5444","QueryNameInformationFile","D:\confidential-memo.pdf","SUCCESS","Name: \confidential-memo.pdf"
"9:22:38.8887553 PM","Acrobat.exe","5444","QueryNormalizedNameInformationFile","D:\confidential-memo.pdf","SUCCESS",""
"9:22:38.8887918 PM","Acrobat.exe","5444","CloseFile","D:\confidential-memo.pdf","SUCCESS",""
"9:22:38.8889543 PM","Acrobat.exe","5444","CreateFile","D:\confidential-memo.pdf","SUCCESS","Desired Access: Generic Read, Disposition: Open, Options: Synchronous IO Non-Alert, Non-Directory File, Attributes: N, ShareMode: Read, AllocationSize: n/a, OpenResult: Opened"
"9:22:38.8890123 PM","Acrobat.exe","5444","QueryNameInformationFile","D:\confidential-memo.pdf","BUFFER OVERFLOW","Name: \confi"
"9:22:38.8890357 PM","Acrobat.exe","5444","QueryNameInformationFile","D:\confidential-memo.pdf","SUCCESS","Name: \confidential-memo.pdf"
"9:22:38.8891095 PM","Acrobat.exe","26588","QueryStandardInformationFile","D:\confidential-memo.pdf","SUCCESS","AllocationSize: 32,768, EndOfFile: 3,102, NumberOfLinks: 1, DeletePending: False, Directory: False"
"9:22:38.8914235 PM","Acrobat.exe","26588","QueryStandardInformationFile","D:\confidential-memo.pdf","SUCCESS","AllocationSize: 32,768, EndOfFile: 3,102, NumberOfLinks: 1, DeletePending: False, Directory: False"
"9:22:38.8914452 PM","Acrobat.exe","26588","QueryStandardInformationFile","D:\confidential-memo.pdf","SUCCESS","AllocationSize: 32,768, EndOfFile: 3,102, NumberOfLinks: 1, DeletePending: False, Directory: False"
"9:22:38.8914669 PM","Acrobat.exe","26588","ReadFile","D:\confidential-memo.pdf","SUCCESS","Offset: 0, Length: 3,102, Priority: Normal"
"9:22:38.8915793 PM","Acrobat.exe","26588","QueryStandardInformationFile","D:\confidential-memo.pdf","SUCCESS","AllocationSize: 32,768, EndOfFile: 3,102, NumberOfLinks: 1, DeletePending: False, Directory: False"
"9:22:38.8915948 PM","Acrobat.exe","26588","QueryStandardInformationFile","D:\confidential-memo.pdf","SUCCESS","AllocationSize: 32,768, EndOfFile: 3,102, NumberOfLinks: 1, DeletePending: False, Directory: False"
"9:22:38.8916229 PM","Acrobat.exe","26588","ReadFile","D:\confidential-memo.pdf","SUCCESS","Offset: 0, Length: 3,102"
"9:22:38.8916458 PM","Acrobat.exe","26588","QueryStandardInformationFile","D:\confidential-memo.pdf","SUCCESS","AllocationSize: 32,768, EndOfFile: 3,102, NumberOfLinks: 1, DeletePending: False, Directory: False"
"9:22:38.8916626 PM","Acrobat.exe","26588","QueryStandardInformationFile","D:\confidential-memo.pdf","SUCCESS","AllocationSize: 32,768, EndOfFile: 3,102, NumberOfLinks: 1, DeletePending: False, Directory: False"
"9:22:38.8916826 PM","Acrobat.exe","26588","ReadFile","D:\confidential-memo.pdf","SUCCESS","Offset: 0, Length: 3,102"
"9:22:38.8917015 PM","Acrobat.exe","26588","QueryStandardInformationFile","D:\confidential-memo.pdf","SUCCESS","AllocationSize: 32,768, EndOfFile: 3,102, NumberOfLinks: 1, DeletePending: False, Directory: False"
"9:22:38.8917255 PM","Acrobat.exe","26588","QueryStandardInformationFile","D:\confidential-memo.pdf","SUCCESS","AllocationSize: 32,768, EndOfFile: 3,102, NumberOfLinks: 1, DeletePending: False, Directory: False"
"9:22:39.0617405 PM","Acrobat.exe","26588","ReadFile","D:\confidential-memo.pdf","SUCCESS","Offset: 883, Length: 1,831"
"9:22:39.0644877 PM","Acrobat.exe","26588","QueryStandardInformationFile","D:\confidential-memo.pdf","SUCCESS","AllocationSize: 32,768, EndOfFile: 3,102, NumberOfLinks: 1, DeletePending: False, Directory: False"
"9:22:39.0645072 PM","Acrobat.exe","26588","QueryStandardInformationFile","D:\confidential-memo.pdf","SUCCESS","AllocationSize: 32,768, EndOfFile: 3,102, NumberOfLinks: 1, DeletePending: False, Directory: False"
"9:22:39.4244926 PM","Acrobat.exe","5444","CreateFile","D:\confidential-memo.pdf","SUCCESS","Desired Access: Read Attributes, Synchronize, Disposition: Open, Options: Synchronous IO Non-Alert, Open No Recall, Attributes: n/a, ShareMode: Read, Write, Delete, AllocationSize: n/a, OpenResult: Opened"
"9:22:39.4245453 PM","Acrobat.exe","5444","QueryNameInformationFile","D:\confidential-memo.pdf","SUCCESS","Name: \confidential-memo.pdf"
"9:22:39.4245578 PM","Acrobat.exe","5444","QueryNameInformationFile","D:\confidential-memo.pdf","SUCCESS","Name: \confidential-memo.pdf"
"9:22:39.4246458 PM","Acrobat.exe","5444","QueryNormalizedNameInformationFile","D:\confidential-memo.pdf","SUCCESS",""
"9:22:39.4246704 PM","Acrobat.exe","5444","CloseFile","D:\confidential-memo.pdf","SUCCESS",""
"9:22:39.4248042 PM","Acrobat.exe","5444","CreateFile","D:\confidential-memo.pdf","SUCCESS","Desired Access: Read Attributes, Disposition: Open, Options: Open Reparse Point, Attributes: n/a, ShareMode: Read, Write, Delete, AllocationSize: n/a, OpenResult: Opened"
"9:22:39.4248167 PM","Acrobat.exe","5444","QueryNetworkOpenInformationFile","D:\confidential-memo.pdf","SUCCESS","CreationTime: 9/12/2026 7:27:05 PM, LastAccessTime: 9/12/2026 12:00:00 AM, LastWriteTime: 9/10/2026 3:38:34 PM, ChangeTime: 1/1/1980 12:00:00 AM, AllocationSize: 1/1/1601 2:00:00 AM, EndOfFile: 1/1/1601 2:00:00 AM, FileAttributes: A"
"9:22:39.4248241 PM","Acrobat.exe","5444","CloseFile","D:\confidential-memo.pdf","SUCCESS",""
"9:22:39.4286213 PM","Acrobat.exe","5444","CreateFile","D:\confidential-memo.pdf","SUCCESS","Desired Access: Read Attributes, Synchronize, Disposition: Open, Options: Synchronous IO Non-Alert, Open No Recall, Attributes: n/a, ShareMode: Read, Write, Delete, AllocationSize: n/a, OpenResult: Opened"
"9:22:39.4286509 PM","Acrobat.exe","5444","QueryNameInformationFile","D:\confidential-memo.pdf","SUCCESS","Name: \confidential-memo.pdf"
"9:22:39.4286603 PM","Acrobat.exe","5444","QueryNameInformationFile","D:\confidential-memo.pdf","SUCCESS","Name: \confidential-memo.pdf"
"9:22:39.4286989 PM","Acrobat.exe","5444","QueryNormalizedNameInformationFile","D:\confidential-memo.pdf","SUCCESS",""
"9:22:39.4287133 PM","Acrobat.exe","5444","CloseFile","D:\confidential-memo.pdf","SUCCESS",""
"9:22:39.4288085 PM","Acrobat.exe","5444","CreateFile","D:\confidential-memo.pdf","SUCCESS","Desired Access: Read Attributes, Disposition: Open, Options: Open Reparse Point, Attributes: n/a, ShareMode: Read, Write, Delete, AllocationSize: n/a, OpenResult: Opened"
"9:22:39.4288201 PM","Acrobat.exe","5444","QueryBasicInformationFile","D:\confidential-memo.pdf","SUCCESS","CreationTime: 9/12/2026 7:27:05 PM, LastAccessTime: 9/12/2026 12:00:00 AM, LastWriteTime: 9/10/2026 3:38:34 PM, ChangeTime: 1/1/1601 2:00:00 AM, FileAttributes: A"
"9:22:39.4288270 PM","Acrobat.exe","5444","CloseFile","D:\confidential-memo.pdf","SUCCESS",""
"9:22:39.4288879 PM","Acrobat.exe","5444","CreateFile","D:\","SUCCESS","Desired Access: Read Attributes, Synchronize, Disposition: Open, Options: Synchronous IO Non-Alert, Open No Recall, Attributes: n/a, ShareMode: Read, Write, Delete, AllocationSize: n/a, OpenResult: Opened"
"9:22:39.4289158 PM","Acrobat.exe","5444","QueryNameInformationFile","D:\","SUCCESS","Name: \"
"9:22:39.4289264 PM","Acrobat.exe","5444","QueryNameInformationFile","D:\","SUCCESS","Name: \"
"9:22:39.4289634 PM","Acrobat.exe","5444","QueryNormalizedNameInformationFile","D:\","SUCCESS",""
"9:22:39.4289756 PM","Acrobat.exe","5444","CloseFile","D:\","SUCCESS",""
"9:22:39.4290043 PM","Acrobat.exe","5444","CreateFile","D:\","SUCCESS","Desired Access: Read Data/List Directory, Synchronize, Disposition: Open, Options: Directory, Synchronous IO Non-Alert, Attributes: n/a, ShareMode: Read, Write, Delete, AllocationSize: n/a, OpenResult: Opened"
"9:22:39.4290262 PM","Acrobat.exe","5444","QueryNameInformationFile","D:\","SUCCESS","Name: \"
"9:22:39.4290353 PM","Acrobat.exe","5444","QueryNameInformationFile","D:\","SUCCESS","Name: \"
"9:22:39.4290721 PM","Acrobat.exe","26588","QueryDirectory","D:\confidential-memo.pdf","SUCCESS","FileInformationClass: FileBothDirectoryInformation, Filter: confidential-memo.pdf, 2: confidential-memo.pdf"
"9:22:39.4290998 PM","Acrobat.exe","26588","CloseFile","D:\","SUCCESS",""
"9:22:39.6183763 PM","Acrobat.exe","26588","ReadFile","D:\confidential-memo.pdf","SUCCESS","Offset: 883, Length: 1,831"
"9:22:40.6795799 PM","Acrobat.exe","26588","ReadFile","D:\confidential-memo.pdf","SUCCESS","Offset: 883, Length: 1,831"
"9:22:42.4875221 PM","Acrobat.exe","26588","QueryStandardInformationFile","D:\confidential-memo.pdf","SUCCESS","AllocationSize: 32,768, EndOfFile: 3,102, NumberOfLinks: 1, DeletePending: False, Directory: False"
"9:22:42.4875309 PM","Acrobat.exe","26588","QueryStandardInformationFile","D:\confidential-memo.pdf","SUCCESS","AllocationSize: 32,768, EndOfFile: 3,102, NumberOfLinks: 1, DeletePending: False, Directory: False"
"9:22:42.5071121 PM","Acrobat.exe","26588","QueryStandardInformationFile","D:\confidential-memo.pdf","SUCCESS","AllocationSize: 32,768, EndOfFile: 3,102, NumberOfLinks: 1, DeletePending: False, Directory: False"
"9:22:42.5071252 PM","Acrobat.exe","26588","QueryStandardInformationFile","D:\confidential-memo.pdf","SUCCESS","AllocationSize: 32,768, EndOfFile: 3,102, NumberOfLinks: 1, DeletePending: False, Directory: False"
"9:22:42.5071437 PM","Acrobat.exe","26588","QueryStandardInformationFile","D:\confidential-memo.pdf","SUCCESS","AllocationSize: 32,768, EndOfFile: 3,102, NumberOfLinks: 1, DeletePending: False, Directory: False"
"9:22:42.5071497 PM","Acrobat.exe","26588","QueryStandardInformationFile","D:\confidential-memo.pdf","SUCCESS","AllocationSize: 32,768, EndOfFile: 3,102, NumberOfLinks: 1, DeletePending: False, Directory: False"
"9:22:42.5071584 PM","Acrobat.exe","26588","QueryStandardInformationFile","D:\confidential-memo.pdf","SUCCESS","AllocationSize: 32,768, EndOfFile: 3,102, NumberOfLinks: 1, DeletePending: False, Directory: False"
"9:22:42.5071647 PM","Acrobat.exe","26588","QueryStandardInformationFile","D:\confidential-memo.pdf","SUCCESS","AllocationSize: 32,768, EndOfFile: 3,102, NumberOfLinks: 1, DeletePending: False, Directory: False"
"9:22:42.5159932 PM","Acrobat.exe","26588","QueryStandardInformationFile","D:\confidential-memo.pdf","SUCCESS","AllocationSize: 32,768, EndOfFile: 3,102, NumberOfLinks: 1, DeletePending: False, Directory: False"
"9:22:42.5160054 PM","Acrobat.exe","26588","QueryStandardInformationFile","D:\confidential-memo.pdf","SUCCESS","AllocationSize: 32,768, EndOfFile: 3,102, NumberOfLinks: 1, DeletePending: False, Directory: False"
"9:22:45.5257967 PM","Acrobat.exe","26588","QueryStandardInformationFile","D:\confidential-memo.pdf","SUCCESS","AllocationSize: 32,768, EndOfFile: 3,102, NumberOfLinks: 1, DeletePending: False, Directory: False"
"9:22:45.5258128 PM","Acrobat.exe","26588","QueryStandardInformationFile","D:\confidential-memo.pdf","SUCCESS","AllocationSize: 32,768, EndOfFile: 3,102, NumberOfLinks: 1, DeletePending: False, Directory: False"
"9:22:45.5262368 PM","Acrobat.exe","26588","QueryStandardInformationFile","D:\confidential-memo.pdf","SUCCESS","AllocationSize: 32,768, EndOfFile: 3,102, NumberOfLinks: 1, DeletePending: False, Directory: False"
"9:22:45.5262479 PM","Acrobat.exe","26588","QueryStandardInformationFile","D:\confidential-memo.pdf","SUCCESS","AllocationSize: 32,768, EndOfFile: 3,102, NumberOfLinks: 1, DeletePending: False, Directory: False"
"9:22:45.5262627 PM","Acrobat.exe","26588","QueryStandardInformationFile","D:\confidential-memo.pdf","SUCCESS","AllocationSize: 32,768, EndOfFile: 3,102, NumberOfLinks: 1, DeletePending: False, Directory: False"
"9:22:45.5262699 PM","Acrobat.exe","26588","QueryStandardInformationFile","D:\confidential-memo.pdf","SUCCESS","AllocationSize: 32,768, EndOfFile: 3,102, NumberOfLinks: 1, DeletePending: False, Directory: False"
"9:22:45.5262797 PM","Acrobat.exe","26588","QueryStandardInformationFile","D:\confidential-memo.pdf","SUCCESS","AllocationSize: 32,768, EndOfFile: 3,102, NumberOfLinks: 1, DeletePending: False, Directory: False"
"9:22:45.5262868 PM","Acrobat.exe","26588","QueryStandardInformationFile","D:\confidential-memo.pdf","SUCCESS","AllocationSize: 32,768, EndOfFile: 3,102, NumberOfLinks: 1, DeletePending: False, Directory: False"
"9:22:45.5303673 PM","Acrobat.exe","26588","QueryStandardInformationFile","D:\confidential-memo.pdf","SUCCESS","AllocationSize: 32,768, EndOfFile: 3,102, NumberOfLinks: 1, DeletePending: False, Directory: False"
"9:22:45.5303789 PM","Acrobat.exe","26588","QueryStandardInformationFile","D:\confidential-memo.pdf","SUCCESS","AllocationSize: 32,768, EndOfFile: 3,102, NumberOfLinks: 1, DeletePending: False, Directory: False"
"9:22:47.4391590 PM","Acrobat.exe","5444","CreateFile","D:\","SUCCESS","Desired Access: Read Attributes, Synchronize, Disposition: Open, Options: Synchronous IO Non-Alert, Open No Recall, Attributes: n/a, ShareMode: Read, Write, Delete, AllocationSize: n/a, OpenResult: Opened"
"9:22:47.4391900 PM","Acrobat.exe","5444","QueryNameInformationFile","D:\","SUCCESS","Name: \"
"9:22:47.4392024 PM","Acrobat.exe","5444","QueryNameInformationFile","D:\","SUCCESS","Name: \"
"9:22:47.4392442 PM","Acrobat.exe","5444","QueryNormalizedNameInformationFile","D:\","SUCCESS",""
"9:22:47.4392575 PM","Acrobat.exe","5444","CloseFile","D:\","SUCCESS",""
"9:22:47.4392886 PM","Acrobat.exe","5444","CreateFile","D:\","SUCCESS","Desired Access: Read Data/List Directory, Synchronize, Disposition: Open, Options: Directory, Synchronous IO Non-Alert, Attributes: n/a, ShareMode: Read, Write, Delete, AllocationSize: n/a, OpenResult: Opened"
"9:22:47.4393111 PM","Acrobat.exe","5444","QueryNameInformationFile","D:\","SUCCESS","Name: \"
"9:22:47.4393220 PM","Acrobat.exe","5444","QueryNameInformationFile","D:\","SUCCESS","Name: \"
"9:22:47.4393774 PM","Acrobat.exe","26588","QueryDirectory","D:\confidential-memo.pdf","SUCCESS","FileInformationClass: FileBothDirectoryInformation, Filter: confidential-memo.pdf, 2: confidential-memo.pdf"
"9:22:47.4394169 PM","Acrobat.exe","26588","CloseFile","D:\","SUCCESS",""
"9:22:47.4404018 PM","Acrobat.exe","5444","CreateFile","D:\","SUCCESS","Desired Access: Read Attributes, Synchronize, Disposition: Open, Options: Synchronous IO Non-Alert, Open No Recall, Attributes: n/a, ShareMode: Read, Write, Delete, AllocationSize: n/a, OpenResult: Opened"
"9:22:47.4404308 PM","Acrobat.exe","5444","QueryNameInformationFile","D:\","SUCCESS","Name: \"
"9:22:47.4404418 PM","Acrobat.exe","5444","QueryNameInformationFile","D:\","SUCCESS","Name: \"
"9:22:47.4404884 PM","Acrobat.exe","5444","QueryNormalizedNameInformationFile","D:\","SUCCESS",""
"9:22:47.4405025 PM","Acrobat.exe","5444","CloseFile","D:\","SUCCESS",""
"9:22:47.4405358 PM","Acrobat.exe","5444","CreateFile","D:\","SUCCESS","Desired Access: Read Data/List Directory, Synchronize, Disposition: Open, Options: Directory, Synchronous IO Non-Alert, Attributes: n/a, ShareMode: Read, Write, Delete, AllocationSize: n/a, OpenResult: Opened"
"9:22:47.4405607 PM","Acrobat.exe","5444","QueryNameInformationFile","D:\","SUCCESS","Name: \"
"9:22:47.4405962 PM","Acrobat.exe","5444","QueryNameInformationFile","D:\","SUCCESS","Name: \"
"9:22:47.4406589 PM","Acrobat.exe","26588","CloseFile","D:\","SUCCESS",""
"9:22:47.4407495 PM","Acrobat.exe","5444","CreateFile","D:\","SUCCESS","Desired Access: Read Attributes, Synchronize, Disposition: Open, Options: Synchronous IO Non-Alert, Open No Recall, Attributes: n/a, ShareMode: Read, Write, Delete, AllocationSize: n/a, OpenResult: Opened"
"9:22:47.4407822 PM","Acrobat.exe","5444","QueryNameInformationFile","D:\","SUCCESS","Name: \"
"9:22:47.4407955 PM","Acrobat.exe","5444","QueryNameInformationFile","D:\","SUCCESS","Name: \"
"9:22:47.4408365 PM","Acrobat.exe","5444","QueryNormalizedNameInformationFile","D:\","SUCCESS",""
"9:22:47.4408502 PM","Acrobat.exe","5444","CloseFile","D:\","SUCCESS",""
"9:22:47.4409071 PM","Acrobat.exe","5444","CreateFile","D:\","SUCCESS","Desired Access: Read Attributes, Disposition: Open, Options: Open Reparse Point, Attributes: n/a, ShareMode: Read, Write, Delete, AllocationSize: n/a, OpenResult: Opened"
"9:22:47.4409429 PM","Acrobat.exe","5444","QueryBasicInformationFile","D:\","SUCCESS","CreationTime: 1/1/1601 2:00:00 AM, LastAccessTime: 1/1/1601 2:00:00 AM, LastWriteTime: 1/1/1601 2:00:00 AM, ChangeTime: 1/1/1601 2:00:00 AM, FileAttributes: D"
"9:22:47.4409555 PM","Acrobat.exe","5444","CloseFile","D:\","SUCCESS",""
"9:22:47.4434185 PM","Acrobat.exe","26588","QueryStandardInformationFile","D:\confidential-memo.pdf","SUCCESS","AllocationSize: 32,768, EndOfFile: 3,102, NumberOfLinks: 1, DeletePending: False, Directory: False"
"9:22:47.4434385 PM","Acrobat.exe","26588","QueryStandardInformationFile","D:\confidential-memo.pdf","SUCCESS","AllocationSize: 32,768, EndOfFile: 3,102, NumberOfLinks: 1, DeletePending: False, Directory: False"
"9:22:47.6878323 PM","Acrobat.exe","26588","CloseFile","D:\confidential-memo.pdf","SUCCESS",""
"9:22:47.6925398 PM","Acrobat.exe","5444","CreateFile","D:\confidential-memo.pdf","SUCCESS","Desired Access: Read Attributes, Synchronize, Disposition: Open, Options: Synchronous IO Non-Alert, Open No Recall, Attributes: n/a, ShareMode: Read, Write, Delete, AllocationSize: n/a, OpenResult: Opened"
"9:22:47.6925785 PM","Acrobat.exe","5444","QueryNameInformationFile","D:\confidential-memo.pdf","SUCCESS","Name: \confidential-memo.pdf"
"9:22:47.6925928 PM","Acrobat.exe","5444","QueryNameInformationFile","D:\confidential-memo.pdf","SUCCESS","Name: \confidential-memo.pdf"
"9:22:47.6926619 PM","Acrobat.exe","5444","QueryNormalizedNameInformationFile","D:\confidential-memo.pdf","SUCCESS",""
"9:22:47.6926770 PM","Acrobat.exe","5444","CloseFile","D:\confidential-memo.pdf","SUCCESS",""
"9:22:47.6928077 PM","Acrobat.exe","5444","CreateFile","D:\confidential-memo.pdf","SUCCESS","Desired Access: Read Attributes, Synchronize, Disposition: Open, Options: Synchronous IO Non-Alert, Open No Recall, Attributes: n/a, ShareMode: Read, Write, Delete, AllocationSize: n/a, OpenResult: Opened"
"9:22:47.6928336 PM","Acrobat.exe","5444","QueryNameInformationFile","D:\confidential-memo.pdf","SUCCESS","Name: \confidential-memo.pdf"
"9:22:47.6928442 PM","Acrobat.exe","5444","QueryNameInformationFile","D:\confidential-memo.pdf","SUCCESS","Name: \confidential-memo.pdf"
"9:22:47.6928913 PM","Acrobat.exe","5444","QueryNormalizedNameInformationFile","D:\confidential-memo.pdf","SUCCESS",""
"9:22:47.6929047 PM","Acrobat.exe","5444","CloseFile","D:\confidential-memo.pdf","SUCCESS",""
"9:22:49.5692650 PM","Explorer.EXE","9848","CreateFile","D:\hr-record.pdf","SUCCESS","Desired Access: Read Attributes, Read Control, Synchronize, Disposition: Open, Options: Synchronous IO Non-Alert, Non-Directory File, Disallow Exclusive, Attributes: n/a, ShareMode: Read, Write, AllocationSize: n/a, OpenResult: Opened"
"9:22:49.5693030 PM","Explorer.EXE","9848","QuerySecurityFile","D:\hr-record.pdf","INVALID DEVICE REQUEST","Information: Label"
"9:22:49.5693130 PM","Explorer.EXE","9848","QuerySecurityFile","D:\hr-record.pdf","INVALID DEVICE REQUEST","Information: Label"
"9:22:49.5693266 PM","Explorer.EXE","9848","CloseFile","D:\hr-record.pdf","SUCCESS",""
"9:22:49.5694286 PM","Explorer.EXE","9848","CreateFile","D:\hr-record.pdf","SUCCESS","Desired Access: Read Attributes, Disposition: Open, Options: Open Reparse Point, Attributes: n/a, ShareMode: Read, Write, Delete, AllocationSize: n/a, OpenResult: Opened"
"9:22:49.5694417 PM","Explorer.EXE","9848","QueryBasicInformationFile","D:\hr-record.pdf","SUCCESS","CreationTime: 9/12/2026 7:27:05 PM, LastAccessTime: 9/12/2026 12:00:00 AM, LastWriteTime: 9/10/2026 3:38:34 PM, ChangeTime: 1/1/1601 2:00:00 AM, FileAttributes: A"
"9:22:49.5694499 PM","Explorer.EXE","9848","CloseFile","D:\hr-record.pdf","SUCCESS",""
"9:22:49.5696221 PM","Explorer.EXE","9848","CreateFile","D:\hr-record.pdf","SUCCESS","Desired Access: Read Attributes, Disposition: Open, Options: Open Reparse Point, Attributes: n/a, ShareMode: Read, Write, Delete, AllocationSize: n/a, OpenResult: Opened"
"9:22:49.5696344 PM","Explorer.EXE","9848","QueryBasicInformationFile","D:\hr-record.pdf","SUCCESS","CreationTime: 9/12/2026 7:27:05 PM, LastAccessTime: 9/12/2026 12:00:00 AM, LastWriteTime: 9/10/2026 3:38:34 PM, ChangeTime: 1/1/1601 2:00:00 AM, FileAttributes: A"
"9:22:49.5696420 PM","Explorer.EXE","9848","CloseFile","D:\hr-record.pdf","SUCCESS",""
"9:22:49.5697407 PM","Explorer.EXE","9848","CreateFile","D:\hr-record.pdf:Zone.Identifier","NAME INVALID","Desired Access: Read Attributes, Disposition: Open, Options: Open Reparse Point, Attributes: n/a, ShareMode: Read, Write, Delete, AllocationSize: n/a"
"9:22:49.5698214 PM","Explorer.EXE","9848","CreateFile","D:\hr-record.pdf","SUCCESS","Desired Access: Read Attributes, Synchronize, Disposition: Open, Options: Synchronous IO Non-Alert, Non-Directory File, Attributes: n/a, ShareMode: Read, Write, AllocationSize: n/a, OpenResult: Opened"
"9:22:49.5698384 PM","Explorer.EXE","9848","CloseFile","D:\hr-record.pdf","SUCCESS",""
"9:22:49.5698864 PM","Explorer.EXE","9848","CreateFile","D:\hr-record.pdf","SUCCESS","Desired Access: Read Attributes, Synchronize, Disposition: Open, Options: Synchronous IO Non-Alert, Attributes: n/a, ShareMode: Read, Write, AllocationSize: n/a, OpenResult: Opened"
"9:22:49.5699007 PM","Explorer.EXE","9848","CloseFile","D:\hr-record.pdf","SUCCESS",""
"9:22:49.5699478 PM","Explorer.EXE","9848","CreateFile","D:\hr-record.pdf","SUCCESS","Desired Access: Read Attributes, Synchronize, Disposition: Open, Options: Synchronous IO Alert, Attributes: n/a, ShareMode: Read, Write, AllocationSize: n/a, OpenResult: Opened"
"9:22:49.5699709 PM","Explorer.EXE","9848","DeviceIoControl","D:\hr-record.pdf","INVALID PARAMETER","Control: IOCTL_MOUNTDEV_QUERY_DEVICE_NAME"
"9:22:49.5699799 PM","Explorer.EXE","9848","CloseFile","D:\hr-record.pdf","SUCCESS",""
"9:22:49.5700308 PM","Explorer.EXE","9848","CreateFile","D:\hr-record.pdf","NAME INVALID","Desired Access: Read Attributes, Synchronize, Disposition: Open, Options: Synchronous IO Non-Alert, Open Reparse Point, Attributes: N, ShareMode: Read, Write, AllocationSize: n/a"
"9:22:49.5946251 PM","Explorer.EXE","9848","CreateFile","D:\","SUCCESS","Desired Access: Read Attributes, Disposition: Open, Options: Open Reparse Point, Attributes: n/a, ShareMode: Read, Write, Delete, AllocationSize: n/a, OpenResult: Opened"
"9:22:49.5946659 PM","Explorer.EXE","9848","QueryBasicInformationFile","D:\","SUCCESS","CreationTime: 1/1/1601 2:00:00 AM, LastAccessTime: 1/1/1601 2:00:00 AM, LastWriteTime: 1/1/1601 2:00:00 AM, ChangeTime: 1/1/1601 2:00:00 AM, FileAttributes: D"
"9:22:49.5946784 PM","Explorer.EXE","9848","CloseFile","D:\","SUCCESS",""
"9:22:49.6143795 PM","Acrobat.exe","9712","CreateFile","D:\","SUCCESS","Desired Access: Execute/Traverse, Synchronize, Disposition: Open, Options: Directory, Synchronous IO Non-Alert, Attributes: n/a, ShareMode: Read, Write, AllocationSize: n/a, OpenResult: Opened"
"9:22:49.6207556 PM","Explorer.EXE","9848","CreateFile","D:\hr-record.pdf","SUCCESS","Desired Access: Read Attributes, Disposition: Open, Options: Open Reparse Point, Attributes: n/a, ShareMode: Read, Write, Delete, AllocationSize: n/a, OpenResult: Opened"
"9:22:49.6207733 PM","Explorer.EXE","9848","QueryBasicInformationFile","D:\hr-record.pdf","SUCCESS","CreationTime: 9/12/2026 7:27:05 PM, LastAccessTime: 9/12/2026 12:00:00 AM, LastWriteTime: 9/10/2026 3:38:34 PM, ChangeTime: 1/1/1601 2:00:00 AM, FileAttributes: A"
"9:22:49.6207833 PM","Explorer.EXE","9848","CloseFile","D:\hr-record.pdf","SUCCESS",""
"9:22:49.6209069 PM","Explorer.EXE","9848","CreateFile","D:\hr-record.pdf","SUCCESS","Desired Access: Read Attributes, Disposition: Open, Options: Open Reparse Point, Attributes: n/a, ShareMode: Read, Write, Delete, AllocationSize: n/a, OpenResult: Opened"
"9:22:49.6209201 PM","Explorer.EXE","9848","QueryBasicInformationFile","D:\hr-record.pdf","SUCCESS","CreationTime: 9/12/2026 7:27:05 PM, LastAccessTime: 9/12/2026 12:00:00 AM, LastWriteTime: 9/10/2026 3:38:34 PM, ChangeTime: 1/1/1601 2:00:00 AM, FileAttributes: A"
"9:22:49.6209275 PM","Explorer.EXE","9848","CloseFile","D:\hr-record.pdf","SUCCESS",""
"9:22:49.6322977 PM","Explorer.EXE","9848","CreateFile","D:\","SUCCESS","Desired Access: Synchronize, Disposition: Open, Options: Directory, Synchronous IO Non-Alert, Attributes: n/a, ShareMode: Read, Write, AllocationSize: n/a, OpenResult: Opened"
"9:22:49.6323219 PM","Explorer.EXE","9848","QueryNameInformationFile","D:\","SUCCESS","Name: \"
"9:22:49.6323332 PM","Explorer.EXE","9848","QueryInformationVolume","D:\","SUCCESS","VolumeCreationTime: 1/1/1601 2:00:00 AM, VolumeSerialNumber: 3CE5-D415, SupportsObjects: False, VolumeLabel: "
"9:22:49.6323412 PM","Explorer.EXE","9848","CloseFile","D:\","SUCCESS",""
"9:22:49.6324277 PM","Explorer.EXE","9848","CreateFile","D:\hr-record.pdf","SUCCESS","Desired Access: Read Attributes, Synchronize, Disposition: Open, Options: Synchronous IO Non-Alert, Open Reparse Point, Attributes: n/a, ShareMode: Read, Write, Delete, AllocationSize: n/a, OpenResult: Opened"
"9:22:49.6324505 PM","Explorer.EXE","9848","QueryNetworkOpenInformationFile","D:\hr-record.pdf","SUCCESS","CreationTime: 9/12/2026 7:27:05 PM, LastAccessTime: 9/12/2026 12:00:00 AM, LastWriteTime: 9/10/2026 3:38:34 PM, ChangeTime: 1/1/1601 2:00:00 AM, AllocationSize: 1/1/1601 2:00:00 AM, EndOfFile: 1/1/1601 2:00:00 AM, FileAttributes: A"
"9:22:49.6324638 PM","Explorer.EXE","9848","FileSystemControl","D:\hr-record.pdf","INVALID DEVICE REQUEST","Control: FSCTL_CREATE_OR_GET_OBJECT_ID"
"9:22:49.6324964 PM","Explorer.EXE","9848","CloseFile","D:\hr-record.pdf","SUCCESS",""
"9:22:49.6371624 PM","Acrobat.exe","9712","FileSystemControl","D:\","SUCCESS","Control: FSCTL_IS_VOLUME_MOUNTED"
"9:22:49.6373948 PM","Acrobat.exe","9712","FileSystemControl","D:\","SUCCESS","Control: FSCTL_IS_VOLUME_MOUNTED"
"9:22:49.6375340 PM","Acrobat.exe","9712","CloseFile","D:\","SUCCESS",""
"9:22:49.6393778 PM","Acrobat.exe","9712","CreateFile","D:\","SUCCESS","Desired Access: Execute/Traverse, Synchronize, Disposition: Open, Options: Directory, Synchronous IO Non-Alert, Attributes: n/a, ShareMode: Read, Write, AllocationSize: n/a, OpenResult: Opened"
"9:22:49.6435200 PM","Acrobat.exe","9712","CreateFile","D:\hr-record.pdf","SUCCESS","Desired Access: Read Attributes, Synchronize, Disposition: Open, Options: Synchronous IO Non-Alert, Open No Recall, Attributes: n/a, ShareMode: Read, Write, Delete, AllocationSize: n/a, OpenResult: Opened"
"9:22:49.6435458 PM","Acrobat.exe","9712","CloseFile","D:\hr-record.pdf","SUCCESS",""
"9:22:49.6436372 PM","Acrobat.exe","9712","CreateFile","D:\hr-record.pdf","SUCCESS","Desired Access: Read Attributes, Synchronize, Disposition: Open, Options: Synchronous IO Non-Alert, Open No Recall, Attributes: n/a, ShareMode: Read, Write, Delete, AllocationSize: n/a, OpenResult: Opened"
"9:22:49.6437068 PM","Acrobat.exe","9712","QueryNameInformationFile","D:\hr-record.pdf","SUCCESS","Name: \hr-record.pdf"
"9:22:49.6437205 PM","Acrobat.exe","9712","QueryNameInformationFile","D:\hr-record.pdf","SUCCESS","Name: \hr-record.pdf"
"9:22:49.6437713 PM","Acrobat.exe","9712","QueryNormalizedNameInformationFile","D:\hr-record.pdf","SUCCESS",""
"9:22:49.6437998 PM","Acrobat.exe","9712","CloseFile","D:\hr-record.pdf","SUCCESS",""
"9:22:49.6495995 PM","Acrobat.exe","9712","FileSystemControl","D:\","SUCCESS","Control: FSCTL_IS_VOLUME_MOUNTED"
"9:22:49.6497716 PM","Acrobat.exe","9712","CloseFile","D:\","SUCCESS",""
"9:22:49.6509930 PM","Acrobat.exe","9712","CreateFile","D:\","SUCCESS","Desired Access: Execute/Traverse, Synchronize, Disposition: Open, Options: Directory, Synchronous IO Non-Alert, Attributes: n/a, ShareMode: Read, Write, AllocationSize: n/a, OpenResult: Opened"
"9:22:49.6735540 PM","Acrobat.exe","9712","FileSystemControl","D:\","SUCCESS","Control: FSCTL_IS_VOLUME_MOUNTED"
"9:22:49.6737275 PM","Acrobat.exe","9712","CloseFile","D:\","SUCCESS",""
"9:22:49.6737769 PM","Acrobat.exe","9712","CreateFile","D:\","SUCCESS","Desired Access: Execute/Traverse, Synchronize, Disposition: Open, Options: Directory, Synchronous IO Non-Alert, Attributes: n/a, ShareMode: Read, Write, AllocationSize: n/a, OpenResult: Opened"
"9:22:49.6949620 PM","Acrobat.exe","9712","FileSystemControl","D:\","SUCCESS","Control: FSCTL_IS_VOLUME_MOUNTED"
"9:22:49.6951014 PM","Acrobat.exe","9712","CloseFile","D:\","SUCCESS",""
"9:22:49.6951682 PM","Acrobat.exe","9712","CreateFile","D:\","SUCCESS","Desired Access: Execute/Traverse, Synchronize, Disposition: Open, Options: Directory, Synchronous IO Non-Alert, Attributes: n/a, ShareMode: Read, Write, AllocationSize: n/a, OpenResult: Opened"
"9:22:49.6952986 PM","Acrobat.exe","9712","FileSystemControl","D:\","SUCCESS","Control: FSCTL_IS_VOLUME_MOUNTED"
"9:22:49.6954904 PM","Acrobat.exe","9712","CloseFile","D:\","SUCCESS",""
"9:22:49.6955270 PM","Acrobat.exe","9712","CreateFile","D:\","SUCCESS","Desired Access: Execute/Traverse, Synchronize, Disposition: Open, Options: Directory, Synchronous IO Non-Alert, Attributes: n/a, ShareMode: Read, Write, AllocationSize: n/a, OpenResult: Opened"
"9:22:49.7533146 PM","Acrobat.exe","9712","FileSystemControl","D:\","SUCCESS","Control: FSCTL_IS_VOLUME_MOUNTED"
"9:22:49.7535416 PM","Acrobat.exe","9712","CloseFile","D:\","SUCCESS",""
"9:22:49.7535992 PM","Acrobat.exe","9712","CreateFile","D:\","SUCCESS","Desired Access: Execute/Traverse, Synchronize, Disposition: Open, Options: Directory, Synchronous IO Non-Alert, Attributes: n/a, ShareMode: Read, Write, AllocationSize: n/a, OpenResult: Opened"
"9:22:49.7555779 PM","Acrobat.exe","9712","CloseFile","D:\","SUCCESS",""
"9:22:49.8420598 PM","Explorer.EXE","9848","CreateFile","D:\","SUCCESS","Desired Access: Read Data/List Directory, Read Attributes, Synchronize, Disposition: Open, Options: Synchronous IO Non-Alert, Attributes: n/a, ShareMode: Read, Write, Delete, AllocationSize: n/a, OpenResult: Opened"
"9:22:49.8420984 PM","Explorer.EXE","9848","QueryRemoteProtocolInformation","D:\","INVALID PARAMETER",""
"9:22:49.8421112 PM","Explorer.EXE","9848","QueryDirectory","D:\hr-record.pdf","SUCCESS","FileInformationClass: FileIdBothDirectoryInformation, Filter: hr-record.pdf, 2: hr-record.pdf"
"9:22:49.8421724 PM","Explorer.EXE","9848","CloseFile","D:\","SUCCESS",""
"9:22:49.8434066 PM","Explorer.EXE","9848","CreateFile","D:\","SUCCESS","Desired Access: Synchronize, Disposition: Open, Options: Directory, Synchronous IO Non-Alert, Attributes: n/a, ShareMode: Read, Write, AllocationSize: n/a, OpenResult: Opened"
"9:22:49.8434408 PM","Explorer.EXE","9848","QueryNameInformationFile","D:\","SUCCESS","Name: \"
"9:22:49.8434606 PM","Explorer.EXE","9848","QueryInformationVolume","D:\","SUCCESS","VolumeCreationTime: 1/1/1601 2:00:00 AM, VolumeSerialNumber: 3CE5-D415, SupportsObjects: False, VolumeLabel: "
"9:22:49.8434751 PM","Explorer.EXE","9848","CloseFile","D:\","SUCCESS",""
"9:22:49.8436096 PM","Explorer.EXE","9848","CreateFile","D:\hr-record.pdf","SUCCESS","Desired Access: Read Attributes, Synchronize, Disposition: Open, Options: Synchronous IO Non-Alert, Open Reparse Point, Attributes: n/a, ShareMode: Read, Write, Delete, AllocationSize: n/a, OpenResult: Opened"
"9:22:49.8436321 PM","Explorer.EXE","9848","QueryNetworkOpenInformationFile","D:\hr-record.pdf","SUCCESS","CreationTime: 9/12/2026 7:27:05 PM, LastAccessTime: 9/12/2026 12:00:00 AM, LastWriteTime: 9/10/2026 3:38:34 PM, ChangeTime: 1/1/1601 2:00:00 AM, AllocationSize: 1/1/1601 2:00:00 AM, EndOfFile: 1/1/1601 2:00:00 AM, FileAttributes: A"
"9:22:49.8436441 PM","Explorer.EXE","9848","FileSystemControl","D:\hr-record.pdf","INVALID DEVICE REQUEST","Control: FSCTL_CREATE_OR_GET_OBJECT_ID"
"9:22:49.8436560 PM","Explorer.EXE","9848","CloseFile","D:\hr-record.pdf","SUCCESS",""
"9:22:49.8492281 PM","Explorer.EXE","9848","CreateFile","D:\","SUCCESS","Desired Access: Read Attributes, Disposition: Open, Options: Open Reparse Point, Attributes: n/a, ShareMode: Read, Write, Delete, AllocationSize: n/a, OpenResult: Opened"
"9:22:49.8492479 PM","Explorer.EXE","9848","QueryBasicInformationFile","D:\","SUCCESS","CreationTime: 1/1/1601 2:00:00 AM, LastAccessTime: 1/1/1601 2:00:00 AM, LastWriteTime: 1/1/1601 2:00:00 AM, ChangeTime: 1/1/1601 2:00:00 AM, FileAttributes: D"
"9:22:49.8492610 PM","Explorer.EXE","9848","CloseFile","D:\","SUCCESS",""
"9:22:49.8494119 PM","Explorer.EXE","9848","CreateFile","D:\","SUCCESS","Desired Access: Read Attributes, Disposition: Open, Options: Open Reparse Point, Attributes: n/a, ShareMode: Read, Write, Delete, AllocationSize: n/a, OpenResult: Opened"
"9:22:49.8494253 PM","Explorer.EXE","9848","QueryBasicInformationFile","D:\","SUCCESS","CreationTime: 1/1/1601 2:00:00 AM, LastAccessTime: 1/1/1601 2:00:00 AM, LastWriteTime: 1/1/1601 2:00:00 AM, ChangeTime: 1/1/1601 2:00:00 AM, FileAttributes: D"
"9:22:49.8494338 PM","Explorer.EXE","9848","CloseFile","D:\","SUCCESS",""
"9:22:49.8700720 PM","Explorer.EXE","9848","CreateFile","D:\","SUCCESS","Desired Access: Synchronize, Disposition: Open, Options: Directory, Synchronous IO Non-Alert, Attributes: n/a, ShareMode: Read, Write, AllocationSize: n/a, OpenResult: Opened"
"9:22:49.8700954 PM","Explorer.EXE","9848","QueryNameInformationFile","D:\","SUCCESS","Name: \"
"9:22:49.8701075 PM","Explorer.EXE","9848","QueryInformationVolume","D:\","SUCCESS","VolumeCreationTime: 1/1/1601 2:00:00 AM, VolumeSerialNumber: 3CE5-D415, SupportsObjects: False, VolumeLabel: "
"9:22:49.8701159 PM","Explorer.EXE","9848","CloseFile","D:\","SUCCESS",""
"9:22:49.8701959 PM","Explorer.EXE","9848","CreateFile","D:\hr-record.pdf","SUCCESS","Desired Access: Read Attributes, Synchronize, Disposition: Open, Options: Synchronous IO Non-Alert, Open Reparse Point, Attributes: n/a, ShareMode: Read, Write, Delete, AllocationSize: n/a, OpenResult: Opened"
"9:22:49.8702135 PM","Explorer.EXE","9848","QueryNetworkOpenInformationFile","D:\hr-record.pdf","SUCCESS","CreationTime: 9/12/2026 7:27:05 PM, LastAccessTime: 9/12/2026 12:00:00 AM, LastWriteTime: 9/10/2026 3:38:34 PM, ChangeTime: 1/1/1601 2:00:00 AM, AllocationSize: 1/1/1601 2:00:00 AM, EndOfFile: 1/1/1601 2:00:00 AM, FileAttributes: A"
"9:22:49.8702238 PM","Explorer.EXE","9848","FileSystemControl","D:\hr-record.pdf","INVALID DEVICE REQUEST","Control: FSCTL_CREATE_OR_GET_OBJECT_ID"
"9:22:49.8702336 PM","Explorer.EXE","9848","CloseFile","D:\hr-record.pdf","SUCCESS",""
"9:22:49.8873179 PM","Explorer.EXE","9848","CreateFile","D:\","SUCCESS","Desired Access: Synchronize, Disposition: Open, Options: Directory, Synchronous IO Non-Alert, Attributes: n/a, ShareMode: Read, Write, AllocationSize: n/a, OpenResult: Opened"
"9:22:49.8873541 PM","Explorer.EXE","9848","QueryNameInformationFile","D:\","SUCCESS","Name: \"
"9:22:49.8873679 PM","Explorer.EXE","9848","QueryInformationVolume","D:\","SUCCESS","VolumeCreationTime: 1/1/1601 2:00:00 AM, VolumeSerialNumber: 3CE5-D415, SupportsObjects: False, VolumeLabel: "
"9:22:49.8873776 PM","Explorer.EXE","9848","CloseFile","D:\","SUCCESS",""
"9:22:49.8874902 PM","Explorer.EXE","9848","CreateFile","D:\hr-record.pdf","SUCCESS","Desired Access: Read Attributes, Synchronize, Disposition: Open, Options: Synchronous IO Non-Alert, Open Reparse Point, Attributes: n/a, ShareMode: Read, Write, Delete, AllocationSize: n/a, OpenResult: Opened"
"9:22:49.8875101 PM","Explorer.EXE","9848","QueryNetworkOpenInformationFile","D:\hr-record.pdf","SUCCESS","CreationTime: 9/12/2026 7:27:05 PM, LastAccessTime: 9/12/2026 12:00:00 AM, LastWriteTime: 9/10/2026 3:38:34 PM, ChangeTime: 1/1/1601 2:00:00 AM, AllocationSize: 1/1/1601 2:00:00 AM, EndOfFile: 1/1/1601 2:00:00 AM, FileAttributes: A"
"9:22:49.8875222 PM","Explorer.EXE","9848","FileSystemControl","D:\hr-record.pdf","INVALID DEVICE REQUEST","Control: FSCTL_CREATE_OR_GET_OBJECT_ID"
"9:22:49.8875329 PM","Explorer.EXE","9848","CloseFile","D:\hr-record.pdf","SUCCESS",""
"9:22:49.8875878 PM","Explorer.EXE","9848","CreateFile","D:\","SUCCESS","Desired Access: Synchronize, Disposition: Open, Options: Directory, Synchronous IO Non-Alert, Attributes: n/a, ShareMode: Read, Write, AllocationSize: n/a, OpenResult: Opened"
"9:22:49.8876013 PM","Explorer.EXE","9848","QueryNameInformationFile","D:\","SUCCESS","Name: \"
"9:22:49.8876118 PM","Explorer.EXE","9848","QueryInformationVolume","D:\","SUCCESS","VolumeCreationTime: 1/1/1601 2:00:00 AM, VolumeSerialNumber: 3CE5-D415, SupportsObjects: False, VolumeLabel: "
"9:22:49.8876207 PM","Explorer.EXE","9848","CloseFile","D:\","SUCCESS",""
"9:22:49.8876927 PM","Explorer.EXE","9848","CreateFile","D:\hr-record.pdf","SUCCESS","Desired Access: Read Attributes, Synchronize, Disposition: Open, Options: Synchronous IO Non-Alert, Open Reparse Point, Attributes: n/a, ShareMode: Read, Write, Delete, AllocationSize: n/a, OpenResult: Opened"
"9:22:49.8877074 PM","Explorer.EXE","9848","QueryNetworkOpenInformationFile","D:\hr-record.pdf","SUCCESS","CreationTime: 9/12/2026 7:27:05 PM, LastAccessTime: 9/12/2026 12:00:00 AM, LastWriteTime: 9/10/2026 3:38:34 PM, ChangeTime: 1/1/1601 2:00:00 AM, AllocationSize: 1/1/1601 2:00:00 AM, EndOfFile: 1/1/1601 2:00:00 AM, FileAttributes: A"
"9:22:49.8877173 PM","Explorer.EXE","9848","FileSystemControl","D:\hr-record.pdf","INVALID DEVICE REQUEST","Control: FSCTL_CREATE_OR_GET_OBJECT_ID"
"9:22:49.8877265 PM","Explorer.EXE","9848","CloseFile","D:\hr-record.pdf","SUCCESS",""
"9:22:49.8882387 PM","Explorer.EXE","9848","CreateFile","D:\","SUCCESS","Desired Access: Read Data/List Directory, Read Attributes, Synchronize, Disposition: Open, Options: Synchronous IO Non-Alert, Attributes: n/a, ShareMode: Read, Write, Delete, AllocationSize: n/a, OpenResult: Opened"
"9:22:49.8882746 PM","Explorer.EXE","9848","QueryRemoteProtocolInformation","D:\","INVALID PARAMETER",""
"9:22:49.8882917 PM","Explorer.EXE","9848","QueryDirectory","D:\hr-record.pdf","SUCCESS","FileInformationClass: FileIdBothDirectoryInformation, Filter: hr-record.pdf, 2: hr-record.pdf"
"9:22:49.8883206 PM","Explorer.EXE","9848","CloseFile","D:\","SUCCESS",""
"9:22:49.8883894 PM","Explorer.EXE","9848","CreateFile","D:\","SUCCESS","Desired Access: Synchronize, Disposition: Open, Options: Directory, Synchronous IO Non-Alert, Attributes: n/a, ShareMode: Read, Write, AllocationSize: n/a, OpenResult: Opened"
"9:22:49.8884062 PM","Explorer.EXE","9848","QueryNameInformationFile","D:\","SUCCESS","Name: \"
"9:22:49.8884182 PM","Explorer.EXE","9848","QueryInformationVolume","D:\","SUCCESS","VolumeCreationTime: 1/1/1601 2:00:00 AM, VolumeSerialNumber: 3CE5-D415, SupportsObjects: False, VolumeLabel: "
"9:22:49.8884272 PM","Explorer.EXE","9848","CloseFile","D:\","SUCCESS",""
"9:22:49.8885117 PM","Explorer.EXE","9848","CreateFile","D:\hr-record.pdf","SUCCESS","Desired Access: Read Attributes, Synchronize, Disposition: Open, Options: Synchronous IO Non-Alert, Open Reparse Point, Attributes: n/a, ShareMode: Read, Write, Delete, AllocationSize: n/a, OpenResult: Opened"
"9:22:49.8885285 PM","Explorer.EXE","9848","QueryNetworkOpenInformationFile","D:\hr-record.pdf","SUCCESS","CreationTime: 9/12/2026 7:27:05 PM, LastAccessTime: 9/12/2026 12:00:00 AM, LastWriteTime: 9/10/2026 3:38:34 PM, ChangeTime: 1/1/1601 2:00:00 AM, AllocationSize: 1/1/1601 2:00:00 AM, EndOfFile: 1/1/1601 2:00:00 AM, FileAttributes: A"
"9:22:49.8885395 PM","Explorer.EXE","9848","FileSystemControl","D:\hr-record.pdf","INVALID DEVICE REQUEST","Control: FSCTL_CREATE_OR_GET_OBJECT_ID"
"9:22:49.8885504 PM","Explorer.EXE","9848","CloseFile","D:\hr-record.pdf","SUCCESS",""
"9:22:49.9049108 PM","Explorer.EXE","9848","CreateFile","D:\","SUCCESS","Desired Access: Synchronize, Disposition: Open, Options: Directory, Synchronous IO Non-Alert, Attributes: n/a, ShareMode: Read, Write, AllocationSize: n/a, OpenResult: Opened"
"9:22:49.9049325 PM","Explorer.EXE","9848","QueryNameInformationFile","D:\","SUCCESS","Name: \"
"9:22:49.9049448 PM","Explorer.EXE","9848","QueryInformationVolume","D:\","SUCCESS","VolumeCreationTime: 1/1/1601 2:00:00 AM, VolumeSerialNumber: 3CE5-D415, SupportsObjects: False, VolumeLabel: "
"9:22:49.9049585 PM","Explorer.EXE","9848","CloseFile","D:\","SUCCESS",""
"9:22:49.9049949 PM","Explorer.EXE","9848","CreateFile","D:\","SUCCESS","Desired Access: Read Attributes, Synchronize, Disposition: Open, Options: Synchronous IO Non-Alert, Open Reparse Point, Attributes: n/a, ShareMode: Read, Write, Delete, AllocationSize: n/a, OpenResult: Opened"
"9:22:49.9050071 PM","Explorer.EXE","9848","QueryNetworkOpenInformationFile","D:\","SUCCESS","CreationTime: 1/1/1980 12:00:00 AM, LastAccessTime: 1/1/1980 12:00:00 AM, LastWriteTime: 1/1/1980 12:00:00 AM, ChangeTime: 1/1/1601 2:00:00 AM, AllocationSize: 1/1/1601 2:00:00 AM, EndOfFile: 1/1/1601 2:00:00 AM, FileAttributes: D"
"9:22:49.9050280 PM","Explorer.EXE","9848","FileSystemControl","D:\","INVALID DEVICE REQUEST","Control: FSCTL_CREATE_OR_GET_OBJECT_ID"
"9:22:49.9050501 PM","Explorer.EXE","9848","CloseFile","D:\","SUCCESS",""
"9:22:49.9086580 PM","Explorer.EXE","9848","CreateFile","D:\hr-record.pdf","SUCCESS","Desired Access: Read Attributes, Synchronize, Disposition: Open, Options: Synchronous IO Non-Alert, Non-Directory File, Attributes: n/a, ShareMode: Read, AllocationSize: n/a, OpenResult: Opened"
"9:22:49.9086906 PM","Explorer.EXE","9848","FileSystemControl","D:\hr-record.pdf","INVALID DEVICE REQUEST","Control: FSCTL_CREATE_OR_GET_OBJECT_ID"
"9:22:49.9087029 PM","Explorer.EXE","9848","CloseFile","D:\hr-record.pdf","SUCCESS",""
"9:22:49.9095128 PM","Acrobat.exe","9712","CreateFile","D:\agm.ini","NAME NOT FOUND","Desired Access: Read Attributes, Synchronize, Disposition: Open, Options: Synchronous IO Non-Alert, Open No Recall, Attributes: n/a, ShareMode: Read, Write, Delete, AllocationSize: n/a"
"9:22:49.9095454 PM","Acrobat.exe","9712","CreateFile","D:\","SUCCESS","Desired Access: Read Attributes, Synchronize, Disposition: Open, Options: Synchronous IO Non-Alert, Open No Recall, Attributes: n/a, ShareMode: Read, Write, Delete, AllocationSize: n/a, OpenResult: Opened"
"9:22:49.9095853 PM","Acrobat.exe","9712","QueryNameInformationFile","D:\","SUCCESS","Name: \"
"9:22:49.9096007 PM","Acrobat.exe","9712","QueryNameInformationFile","D:\","SUCCESS","Name: \"
"9:22:49.9096706 PM","Acrobat.exe","9712","QueryNormalizedNameInformationFile","D:\","SUCCESS",""
"9:22:49.9096979 PM","Acrobat.exe","9712","CloseFile","D:\","SUCCESS",""
"9:22:49.9098874 PM","Acrobat.exe","9712","CreateFile","D:\agm.ini","NAME NOT FOUND","Desired Access: Read Attributes, Synchronize, Disposition: Open, Options: Synchronous IO Non-Alert, Open No Recall, Attributes: n/a, ShareMode: Read, Write, Delete, AllocationSize: n/a"
"9:22:49.9099191 PM","Acrobat.exe","9712","CreateFile","D:\","SUCCESS","Desired Access: Read Attributes, Synchronize, Disposition: Open, Options: Synchronous IO Non-Alert, Open No Recall, Attributes: n/a, ShareMode: Read, Write, Delete, AllocationSize: n/a, OpenResult: Opened"
"9:22:49.9099547 PM","Acrobat.exe","9712","QueryNameInformationFile","D:\","SUCCESS","Name: \"
"9:22:49.9099707 PM","Acrobat.exe","9712","QueryNameInformationFile","D:\","SUCCESS","Name: \"
"9:22:49.9100435 PM","Acrobat.exe","9712","QueryNormalizedNameInformationFile","D:\","SUCCESS",""
"9:22:49.9100691 PM","Acrobat.exe","9712","CloseFile","D:\","SUCCESS",""
"9:22:50.4327610 PM","Acrobat.exe","9712","CreateFile","D:\","SUCCESS","Desired Access: Read Attributes, Synchronize, Disposition: Open, Options: Synchronous IO Non-Alert, Open No Recall, Attributes: n/a, ShareMode: Read, Write, Delete, AllocationSize: n/a, OpenResult: Opened"
"9:22:50.4328303 PM","Acrobat.exe","9712","QueryNameInformationFile","D:\","SUCCESS","Name: \"
"9:22:50.4328480 PM","Acrobat.exe","9712","QueryNameInformationFile","D:\","SUCCESS","Name: \"
"9:22:50.4329368 PM","Acrobat.exe","9712","QueryNormalizedNameInformationFile","D:\","SUCCESS",""
"9:22:50.4329557 PM","Acrobat.exe","9712","CloseFile","D:\","SUCCESS",""
"9:22:50.4329995 PM","Acrobat.exe","9712","CreateFile","D:\","SUCCESS","Desired Access: Read Data/List Directory, Synchronize, Disposition: Open, Options: Directory, Synchronous IO Non-Alert, Attributes: n/a, ShareMode: Read, Write, Delete, AllocationSize: n/a, OpenResult: Opened"
"9:22:50.4330295 PM","Acrobat.exe","9712","QueryNameInformationFile","D:\","SUCCESS","Name: \"
"9:22:50.4330428 PM","Acrobat.exe","9712","QueryNameInformationFile","D:\","SUCCESS","Name: \"
"9:22:50.4330920 PM","Acrobat.exe","13004","QueryDirectory","D:\hr-record.pdf","SUCCESS","FileInformationClass: FileBothDirectoryInformation, Filter: hr-record.pdf, 2: hr-record.pdf"
"9:22:50.4331277 PM","Acrobat.exe","13004","CloseFile","D:\","SUCCESS",""
"9:22:50.4332926 PM","Acrobat.exe","9712","CreateFile","D:\","SUCCESS","Desired Access: Read Attributes, Synchronize, Disposition: Open, Options: Synchronous IO Non-Alert, Open No Recall, Attributes: n/a, ShareMode: Read, Write, Delete, AllocationSize: n/a, OpenResult: Opened"
"9:22:50.4333201 PM","Acrobat.exe","9712","QueryNameInformationFile","D:\","SUCCESS","Name: \"
"9:22:50.4333314 PM","Acrobat.exe","9712","QueryNameInformationFile","D:\","SUCCESS","Name: \"
"9:22:50.4333792 PM","Acrobat.exe","9712","QueryNormalizedNameInformationFile","D:\","SUCCESS",""
"9:22:50.4333922 PM","Acrobat.exe","9712","CloseFile","D:\","SUCCESS",""
"9:22:50.4334205 PM","Acrobat.exe","9712","CreateFile","D:\","SUCCESS","Desired Access: Read Data/List Directory, Synchronize, Disposition: Open, Options: Directory, Synchronous IO Non-Alert, Attributes: n/a, ShareMode: Read, Write, Delete, AllocationSize: n/a, OpenResult: Opened"
"9:22:50.4334420 PM","Acrobat.exe","9712","QueryNameInformationFile","D:\","SUCCESS","Name: \"
"9:22:50.4334520 PM","Acrobat.exe","9712","QueryNameInformationFile","D:\","SUCCESS","Name: \"
"9:22:50.4335419 PM","Acrobat.exe","13004","QueryDirectory","D:\hr-record.pdf","SUCCESS","FileInformationClass: FileBothDirectoryInformation, Filter: hr-record.pdf, 2: hr-record.pdf"
"9:22:50.4335845 PM","Acrobat.exe","13004","CloseFile","D:\","SUCCESS",""
"9:22:50.4355202 PM","Acrobat.exe","9712","CreateFile","D:\","SUCCESS","Desired Access: Read Attributes, Synchronize, Disposition: Open, Options: Synchronous IO Non-Alert, Open No Recall, Attributes: n/a, ShareMode: Read, Write, Delete, AllocationSize: n/a, OpenResult: Opened"
"9:22:50.4355523 PM","Acrobat.exe","9712","QueryNameInformationFile","D:\","SUCCESS","Name: \"
"9:22:50.4355643 PM","Acrobat.exe","9712","QueryNameInformationFile","D:\","SUCCESS","Name: \"
"9:22:50.4356168 PM","Acrobat.exe","9712","QueryNormalizedNameInformationFile","D:\","SUCCESS",""
"9:22:50.4356307 PM","Acrobat.exe","9712","CloseFile","D:\","SUCCESS",""
"9:22:50.4356635 PM","Acrobat.exe","9712","CreateFile","D:\","SUCCESS","Desired Access: Read Data/List Directory, Synchronize, Disposition: Open, Options: Directory, Synchronous IO Non-Alert, Attributes: n/a, ShareMode: Read, Write, Delete, AllocationSize: n/a, OpenResult: Opened"
"9:22:50.4356862 PM","Acrobat.exe","9712","QueryNameInformationFile","D:\","SUCCESS","Name: \"
"9:22:50.4356963 PM","Acrobat.exe","9712","QueryNameInformationFile","D:\","SUCCESS","Name: \"
"9:22:50.4357522 PM","Acrobat.exe","13004","QueryDirectory","D:\hr-record.pdf","SUCCESS","FileInformationClass: FileBothDirectoryInformation, Filter: hr-record.pdf, 2: hr-record.pdf"
"9:22:50.4357866 PM","Acrobat.exe","13004","CloseFile","D:\","SUCCESS",""
"9:22:50.4362107 PM","Acrobat.exe","9712","CreateFile","D:\hr-record.pdf","SUCCESS","Desired Access: Read Attributes, Synchronize, Disposition: Open, Options: Synchronous IO Non-Alert, Open No Recall, Attributes: n/a, ShareMode: Read, Write, Delete, AllocationSize: n/a, OpenResult: Opened"
"9:22:50.4362472 PM","Acrobat.exe","9712","QueryNameInformationFile","D:\hr-record.pdf","SUCCESS","Name: \hr-record.pdf"
"9:22:50.4362609 PM","Acrobat.exe","9712","QueryNameInformationFile","D:\hr-record.pdf","SUCCESS","Name: \hr-record.pdf"
"9:22:50.4363175 PM","Acrobat.exe","9712","QueryNormalizedNameInformationFile","D:\hr-record.pdf","SUCCESS",""
"9:22:50.4363381 PM","Acrobat.exe","9712","CloseFile","D:\hr-record.pdf","SUCCESS",""
"9:22:50.4364519 PM","Acrobat.exe","9712","CreateFile","D:\hr-record.pdf","SUCCESS","Desired Access: Generic Read, Disposition: Open, Options: Synchronous IO Non-Alert, Non-Directory File, Attributes: N, ShareMode: Read, AllocationSize: n/a, OpenResult: Opened"
"9:22:50.4365017 PM","Acrobat.exe","9712","FileSystemControl","D:\hr-record.pdf","INVALID DEVICE REQUEST","Control: 0x90390 (Device:0x9 Function:228 Method: 0)"
"9:22:50.4365150 PM","Acrobat.exe","9712","QueryBasicInformationFile","D:\hr-record.pdf","SUCCESS","CreationTime: 9/12/2026 7:27:05 PM, LastAccessTime: 9/12/2026 12:00:00 AM, LastWriteTime: 9/10/2026 3:38:34 PM, ChangeTime: 1/1/1601 2:00:00 AM, FileAttributes: A"
"9:22:50.4365255 PM","Acrobat.exe","9712","FileSystemControl","D:\hr-record.pdf","INVALID DEVICE REQUEST","Control: 0x90390 (Device:0x9 Function:228 Method: 0)"
"9:22:50.4365352 PM","Acrobat.exe","9712","QueryAttributeInformationVolume","D:\hr-record.pdf","SUCCESS","FileSystemAttributes: Case Preserved, Unicode, EFS, 0x200, MaximumComponentNameLength: 255, FileSystemName: FAT32"
"9:22:50.4372529 PM","MsMpEng.exe","6804","CreateFileMapping","D:\hr-record.pdf","FILE LOCKED WITH ONLY READERS","SyncType: SyncTypeCreateSection, PageProtection: PAGE_READONLY"
"9:22:50.4372708 PM","MsMpEng.exe","6804","QueryStandardInformationFile","D:\hr-record.pdf","SUCCESS","AllocationSize: 32,768, EndOfFile: 1,891, NumberOfLinks: 1, DeletePending: False, Directory: False"
"9:22:50.4373261 PM","MsMpEng.exe","6804","ReadFile","D:\hr-record.pdf","SUCCESS","Offset: 0, Length: 1,891, I/O Flags: Non-cached, Paging I/O, Synchronous Paging I/O, Priority: Normal"
"9:22:50.4447413 PM","Acrobat.exe","9712","QueryNameInformationFile","D:\hr-record.pdf","BUFFER OVERFLOW","Name: \hr-re"
"9:22:50.4447554 PM","Acrobat.exe","9712","QueryNameInformationFile","D:\hr-record.pdf","SUCCESS","Name: \hr-record.pdf"
"9:22:50.4448356 PM","Acrobat.exe","13004","QueryStandardInformationFile","D:\hr-record.pdf","SUCCESS","AllocationSize: 32,768, EndOfFile: 1,891, NumberOfLinks: 1, DeletePending: False, Directory: False"
"9:22:50.4448750 PM","Acrobat.exe","13004","ReadFile","D:\hr-record.pdf","SUCCESS","Offset: 0, Length: 8, Priority: Normal"
"9:22:50.4449307 PM","Acrobat.exe","13004","CloseFile","D:\hr-record.pdf","SUCCESS",""
"9:22:50.4451252 PM","Acrobat.exe","9712","CreateFile","D:\hr-record.pdf","SUCCESS","Desired Access: Read Attributes, Synchronize, Disposition: Open, Options: Synchronous IO Non-Alert, Open No Recall, Attributes: n/a, ShareMode: Read, Write, Delete, AllocationSize: n/a, OpenResult: Opened"
"9:22:50.4451657 PM","Acrobat.exe","9712","QueryNameInformationFile","D:\hr-record.pdf","SUCCESS","Name: \hr-record.pdf"
"9:22:50.4451805 PM","Acrobat.exe","9712","QueryNameInformationFile","D:\hr-record.pdf","SUCCESS","Name: \hr-record.pdf"
"9:22:50.4452489 PM","Acrobat.exe","9712","QueryNormalizedNameInformationFile","D:\hr-record.pdf","SUCCESS",""
"9:22:50.4452724 PM","Acrobat.exe","9712","CloseFile","D:\hr-record.pdf","SUCCESS",""
"9:22:50.4453654 PM","Acrobat.exe","9712","CreateFile","D:\hr-record.pdf","SUCCESS","Desired Access: Generic Read, Disposition: Open, Options: Synchronous IO Non-Alert, Non-Directory File, Attributes: N, ShareMode: Read, AllocationSize: n/a, OpenResult: Opened"
"9:22:50.4454105 PM","Acrobat.exe","9712","QueryNameInformationFile","D:\hr-record.pdf","BUFFER OVERFLOW","Name: \hr-re"
"9:22:50.4454243 PM","Acrobat.exe","9712","QueryNameInformationFile","D:\hr-record.pdf","SUCCESS","Name: \hr-record.pdf"
"9:22:50.4454909 PM","Acrobat.exe","13004","QueryStandardInformationFile","D:\hr-record.pdf","SUCCESS","AllocationSize: 32,768, EndOfFile: 1,891, NumberOfLinks: 1, DeletePending: False, Directory: False"
"9:22:50.4460195 PM","Acrobat.exe","13004","QueryStandardInformationFile","D:\hr-record.pdf","SUCCESS","AllocationSize: 32,768, EndOfFile: 1,891, NumberOfLinks: 1, DeletePending: False, Directory: False"
"9:22:50.4460346 PM","Acrobat.exe","13004","QueryStandardInformationFile","D:\hr-record.pdf","SUCCESS","AllocationSize: 32,768, EndOfFile: 1,891, NumberOfLinks: 1, DeletePending: False, Directory: False"
"9:22:50.4460549 PM","Acrobat.exe","13004","ReadFile","D:\hr-record.pdf","SUCCESS","Offset: 0, Length: 1,891, Priority: Normal"
"9:22:50.4461588 PM","Acrobat.exe","13004","QueryStandardInformationFile","D:\hr-record.pdf","SUCCESS","AllocationSize: 32,768, EndOfFile: 1,891, NumberOfLinks: 1, DeletePending: False, Directory: False"
"9:22:50.4461713 PM","Acrobat.exe","13004","QueryStandardInformationFile","D:\hr-record.pdf","SUCCESS","AllocationSize: 32,768, EndOfFile: 1,891, NumberOfLinks: 1, DeletePending: False, Directory: False"
"9:22:50.4461979 PM","Acrobat.exe","13004","ReadFile","D:\hr-record.pdf","SUCCESS","Offset: 0, Length: 1,891"
"9:22:50.4462178 PM","Acrobat.exe","13004","QueryStandardInformationFile","D:\hr-record.pdf","SUCCESS","AllocationSize: 32,768, EndOfFile: 1,891, NumberOfLinks: 1, DeletePending: False, Directory: False"
"9:22:50.4462509 PM","Acrobat.exe","13004","QueryStandardInformationFile","D:\hr-record.pdf","SUCCESS","AllocationSize: 32,768, EndOfFile: 1,891, NumberOfLinks: 1, DeletePending: False, Directory: False"
"9:22:50.4462768 PM","Acrobat.exe","13004","ReadFile","D:\hr-record.pdf","SUCCESS","Offset: 0, Length: 1,891"
"9:22:50.4462997 PM","Acrobat.exe","13004","QueryStandardInformationFile","D:\hr-record.pdf","SUCCESS","AllocationSize: 32,768, EndOfFile: 1,891, NumberOfLinks: 1, DeletePending: False, Directory: False"
"9:22:50.4463112 PM","Acrobat.exe","13004","QueryStandardInformationFile","D:\hr-record.pdf","SUCCESS","AllocationSize: 32,768, EndOfFile: 1,891, NumberOfLinks: 1, DeletePending: False, Directory: False"
"9:22:50.5550804 PM","Acrobat.exe","13004","ReadFile","D:\hr-record.pdf","SUCCESS","Offset: 882, Length: 621"
"9:22:50.5561425 PM","Acrobat.exe","13004","QueryStandardInformationFile","D:\hr-record.pdf","SUCCESS","AllocationSize: 32,768, EndOfFile: 1,891, NumberOfLinks: 1, DeletePending: False, Directory: False"
"9:22:50.5561652 PM","Acrobat.exe","13004","QueryStandardInformationFile","D:\hr-record.pdf","SUCCESS","AllocationSize: 32,768, EndOfFile: 1,891, NumberOfLinks: 1, DeletePending: False, Directory: False"
"9:22:50.7942815 PM","Acrobat.exe","9712","CreateFile","D:\hr-record.pdf","SUCCESS","Desired Access: Read Attributes, Synchronize, Disposition: Open, Options: Synchronous IO Non-Alert, Open No Recall, Attributes: n/a, ShareMode: Read, Write, Delete, AllocationSize: n/a, OpenResult: Opened"
"9:22:50.7943195 PM","Acrobat.exe","9712","QueryNameInformationFile","D:\hr-record.pdf","SUCCESS","Name: \hr-record.pdf"
"9:22:50.7943305 PM","Acrobat.exe","9712","QueryNameInformationFile","D:\hr-record.pdf","SUCCESS","Name: \hr-record.pdf"
"9:22:50.7943852 PM","Acrobat.exe","9712","QueryNormalizedNameInformationFile","D:\hr-record.pdf","SUCCESS",""
"9:22:50.7944001 PM","Acrobat.exe","9712","CloseFile","D:\hr-record.pdf","SUCCESS",""
"9:22:50.7945077 PM","Acrobat.exe","9712","CreateFile","D:\hr-record.pdf","SUCCESS","Desired Access: Read Attributes, Disposition: Open, Options: Open Reparse Point, Attributes: n/a, ShareMode: Read, Write, Delete, AllocationSize: n/a, OpenResult: Opened"
"9:22:50.7945198 PM","Acrobat.exe","9712","QueryNetworkOpenInformationFile","D:\hr-record.pdf","SUCCESS","CreationTime: 9/12/2026 7:27:05 PM, LastAccessTime: 9/12/2026 12:00:00 AM, LastWriteTime: 9/10/2026 3:38:34 PM, ChangeTime: 1/1/1980 12:00:00 AM, AllocationSize: 1/1/1601 2:00:00 AM, EndOfFile: 1/1/1601 2:00:00 AM, FileAttributes: A"
"9:22:50.7945277 PM","Acrobat.exe","9712","CloseFile","D:\hr-record.pdf","SUCCESS",""
"9:22:50.7981711 PM","Acrobat.exe","9712","CreateFile","D:\hr-record.pdf","SUCCESS","Desired Access: Read Attributes, Synchronize, Disposition: Open, Options: Synchronous IO Non-Alert, Open No Recall, Attributes: n/a, ShareMode: Read, Write, Delete, AllocationSize: n/a, OpenResult: Opened"
"9:22:50.7982098 PM","Acrobat.exe","9712","QueryNameInformationFile","D:\hr-record.pdf","SUCCESS","Name: \hr-record.pdf"
"9:22:50.7982226 PM","Acrobat.exe","9712","QueryNameInformationFile","D:\hr-record.pdf","SUCCESS","Name: \hr-record.pdf"
"9:22:50.7982804 PM","Acrobat.exe","9712","QueryNormalizedNameInformationFile","D:\hr-record.pdf","SUCCESS",""
"9:22:50.7982972 PM","Acrobat.exe","9712","CloseFile","D:\hr-record.pdf","SUCCESS",""
"9:22:50.7983972 PM","Acrobat.exe","9712","CreateFile","D:\hr-record.pdf","SUCCESS","Desired Access: Read Attributes, Disposition: Open, Options: Open Reparse Point, Attributes: n/a, ShareMode: Read, Write, Delete, AllocationSize: n/a, OpenResult: Opened"
"9:22:50.7984094 PM","Acrobat.exe","9712","QueryBasicInformationFile","D:\hr-record.pdf","SUCCESS","CreationTime: 9/12/2026 7:27:05 PM, LastAccessTime: 9/12/2026 12:00:00 AM, LastWriteTime: 9/10/2026 3:38:34 PM, ChangeTime: 1/1/1601 2:00:00 AM, FileAttributes: A"
"9:22:50.7984170 PM","Acrobat.exe","9712","CloseFile","D:\hr-record.pdf","SUCCESS",""
"9:22:50.7984804 PM","Acrobat.exe","9712","CreateFile","D:\","SUCCESS","Desired Access: Read Attributes, Synchronize, Disposition: Open, Options: Synchronous IO Non-Alert, Open No Recall, Attributes: n/a, ShareMode: Read, Write, Delete, AllocationSize: n/a, OpenResult: Opened"
"9:22:50.7985059 PM","Acrobat.exe","9712","QueryNameInformationFile","D:\","SUCCESS","Name: \"
"9:22:50.7985156 PM","Acrobat.exe","9712","QueryNameInformationFile","D:\","SUCCESS","Name: \"
"9:22:50.7985553 PM","Acrobat.exe","9712","QueryNormalizedNameInformationFile","D:\","SUCCESS",""
"9:22:50.7985675 PM","Acrobat.exe","9712","CloseFile","D:\","SUCCESS",""
"9:22:50.7985970 PM","Acrobat.exe","9712","CreateFile","D:\","SUCCESS","Desired Access: Read Data/List Directory, Synchronize, Disposition: Open, Options: Directory, Synchronous IO Non-Alert, Attributes: n/a, ShareMode: Read, Write, Delete, AllocationSize: n/a, OpenResult: Opened"
"9:22:50.7986196 PM","Acrobat.exe","9712","QueryNameInformationFile","D:\","SUCCESS","Name: \"
"9:22:50.7986286 PM","Acrobat.exe","9712","QueryNameInformationFile","D:\","SUCCESS","Name: \"
"9:22:50.7986697 PM","Acrobat.exe","13004","QueryDirectory","D:\hr-record.pdf","SUCCESS","FileInformationClass: FileBothDirectoryInformation, Filter: hr-record.pdf, 2: hr-record.pdf"
"9:22:50.7986930 PM","Acrobat.exe","13004","CloseFile","D:\","SUCCESS",""
"9:22:50.9798708 PM","Acrobat.exe","13004","ReadFile","D:\hr-record.pdf","SUCCESS","Offset: 882, Length: 621"
"9:22:51.0489115 PM","Acrobat.exe","13004","ReadFile","D:\hr-record.pdf","SUCCESS","Offset: 882, Length: 621"
"9:22:51.5060098 PM","Acrobat.exe","13004","ReadFile","D:\hr-record.pdf","SUCCESS","Offset: 882, Length: 621"
"9:22:54.7907463 PM","Acrobat.exe","13004","QueryStandardInformationFile","D:\hr-record.pdf","SUCCESS","AllocationSize: 32,768, EndOfFile: 1,891, NumberOfLinks: 1, DeletePending: False, Directory: False"
"9:22:54.7907557 PM","Acrobat.exe","13004","QueryStandardInformationFile","D:\hr-record.pdf","SUCCESS","AllocationSize: 32,768, EndOfFile: 1,891, NumberOfLinks: 1, DeletePending: False, Directory: False"
"9:22:54.7917031 PM","Acrobat.exe","13004","QueryStandardInformationFile","D:\hr-record.pdf","SUCCESS","AllocationSize: 32,768, EndOfFile: 1,891, NumberOfLinks: 1, DeletePending: False, Directory: False"
"9:22:54.7917147 PM","Acrobat.exe","13004","QueryStandardInformationFile","D:\hr-record.pdf","SUCCESS","AllocationSize: 32,768, EndOfFile: 1,891, NumberOfLinks: 1, DeletePending: False, Directory: False"
"9:22:54.7917292 PM","Acrobat.exe","13004","QueryStandardInformationFile","D:\hr-record.pdf","SUCCESS","AllocationSize: 32,768, EndOfFile: 1,891, NumberOfLinks: 1, DeletePending: False, Directory: False"
"9:22:54.7917352 PM","Acrobat.exe","13004","QueryStandardInformationFile","D:\hr-record.pdf","SUCCESS","AllocationSize: 32,768, EndOfFile: 1,891, NumberOfLinks: 1, DeletePending: False, Directory: False"
"9:22:54.7917437 PM","Acrobat.exe","13004","QueryStandardInformationFile","D:\hr-record.pdf","SUCCESS","AllocationSize: 32,768, EndOfFile: 1,891, NumberOfLinks: 1, DeletePending: False, Directory: False"
"9:22:54.7917496 PM","Acrobat.exe","13004","QueryStandardInformationFile","D:\hr-record.pdf","SUCCESS","AllocationSize: 32,768, EndOfFile: 1,891, NumberOfLinks: 1, DeletePending: False, Directory: False"
"9:22:54.7968573 PM","Acrobat.exe","13004","QueryStandardInformationFile","D:\hr-record.pdf","SUCCESS","AllocationSize: 32,768, EndOfFile: 1,891, NumberOfLinks: 1, DeletePending: False, Directory: False"
"9:22:54.7968752 PM","Acrobat.exe","13004","QueryStandardInformationFile","D:\hr-record.pdf","SUCCESS","AllocationSize: 32,768, EndOfFile: 1,891, NumberOfLinks: 1, DeletePending: False, Directory: False"
"9:22:58.2211031 PM","Acrobat.exe","13004","QueryStandardInformationFile","D:\hr-record.pdf","SUCCESS","AllocationSize: 32,768, EndOfFile: 1,891, NumberOfLinks: 1, DeletePending: False, Directory: False"
"9:22:58.2211163 PM","Acrobat.exe","13004","QueryStandardInformationFile","D:\hr-record.pdf","SUCCESS","AllocationSize: 32,768, EndOfFile: 1,891, NumberOfLinks: 1, DeletePending: False, Directory: False"
"9:22:58.2552492 PM","Acrobat.exe","13004","QueryStandardInformationFile","D:\hr-record.pdf","SUCCESS","AllocationSize: 32,768, EndOfFile: 1,891, NumberOfLinks: 1, DeletePending: False, Directory: False"
"9:22:58.2552593 PM","Acrobat.exe","13004","QueryStandardInformationFile","D:\hr-record.pdf","SUCCESS","AllocationSize: 32,768, EndOfFile: 1,891, NumberOfLinks: 1, DeletePending: False, Directory: False"
"9:22:59.4573273 PM","Acrobat.exe","9712","CreateFile","D:\hr-record.pdf","SUCCESS","Desired Access: Read Attributes, Synchronize, Disposition: Open, Options: Synchronous IO Non-Alert, Open No Recall, Attributes: n/a, ShareMode: Read, Write, Delete, AllocationSize: n/a, OpenResult: Opened"
"9:22:59.4573509 PM","Acrobat.exe","9712","CloseFile","D:\hr-record.pdf","SUCCESS",""
"9:22:59.4574249 PM","Acrobat.exe","9712","CreateFile","D:\hr-record.pdf","SUCCESS","Desired Access: Read Attributes, Synchronize, Disposition: Open, Options: Synchronous IO Non-Alert, Open No Recall, Attributes: n/a, ShareMode: Read, Write, Delete, AllocationSize: n/a, OpenResult: Opened"
"9:22:59.4574525 PM","Acrobat.exe","9712","QueryStandardInformationFile","D:\hr-record.pdf","SUCCESS","AllocationSize: 32,768, EndOfFile: 1,891, NumberOfLinks: 1, DeletePending: False, Directory: False"
"9:22:59.4574788 PM","Acrobat.exe","9712","CloseFile","D:\hr-record.pdf","SUCCESS",""
"9:22:59.4576229 PM","Acrobat.exe","9712","CreateFile","D:\hr-record.pdf","SUCCESS","Desired Access: Read Attributes, Synchronize, Disposition: Open, Options: Synchronous IO Non-Alert, Open No Recall, Attributes: n/a, ShareMode: Read, Write, Delete, AllocationSize: n/a, OpenResult: Opened"
"9:22:59.4576520 PM","Acrobat.exe","9712","QueryNameInformationFile","D:\hr-record.pdf","SUCCESS","Name: \hr-record.pdf"
"9:22:59.4576694 PM","Acrobat.exe","9712","QueryNameInformationFile","D:\hr-record.pdf","SUCCESS","Name: \hr-record.pdf"
"9:22:59.4577162 PM","Acrobat.exe","9712","QueryNormalizedNameInformationFile","D:\hr-record.pdf","SUCCESS",""
"9:22:59.4577429 PM","Acrobat.exe","9712","CloseFile","D:\hr-record.pdf","SUCCESS",""
"9:22:59.4579659 PM","Acrobat.exe","6280","CreateFile","D:\hr-record.pdf","SUCCESS","Desired Access: Read Attributes, Synchronize, Disposition: Open, Options: Synchronous IO Non-Alert, Open No Recall, Attributes: n/a, ShareMode: Read, Write, Delete, AllocationSize: n/a, OpenResult: Opened"
"9:22:59.4579934 PM","Acrobat.exe","6280","QueryNameInformationFile","D:\hr-record.pdf","SUCCESS","Name: \hr-record.pdf"
"9:22:59.4580055 PM","Acrobat.exe","6280","QueryNameInformationFile","D:\hr-record.pdf","SUCCESS","Name: \hr-record.pdf"
"9:22:59.4580685 PM","Acrobat.exe","6280","QueryNormalizedNameInformationFile","D:\hr-record.pdf","SUCCESS",""
"9:22:59.4581247 PM","Acrobat.exe","6280","CloseFile","D:\hr-record.pdf","SUCCESS",""
"9:22:59.4582149 PM","Acrobat.exe","6280","CreateFile","D:\hr-record.pdf","SUCCESS","Desired Access: Read Attributes, Synchronize, Disposition: Open, Options: Synchronous IO Non-Alert, Open No Recall, Attributes: n/a, ShareMode: Read, Write, Delete, AllocationSize: n/a, OpenResult: Opened"
"9:22:59.4582421 PM","Acrobat.exe","6280","QueryNameInformationFile","D:\hr-record.pdf","SUCCESS","Name: \hr-record.pdf"
"9:22:59.4582536 PM","Acrobat.exe","6280","QueryNameInformationFile","D:\hr-record.pdf","SUCCESS","Name: \hr-record.pdf"
"9:22:59.4582877 PM","Acrobat.exe","6280","QueryNormalizedNameInformationFile","D:\hr-record.pdf","SUCCESS",""
"9:22:59.4583033 PM","Acrobat.exe","6280","CloseFile","D:\hr-record.pdf","SUCCESS",""
"9:22:59.7862449 PM","Acrobat.exe","9712","CreateFile","D:\","SUCCESS","Desired Access: Read Attributes, Synchronize, Disposition: Open, Options: Synchronous IO Non-Alert, Open No Recall, Attributes: n/a, ShareMode: Read, Write, Delete, AllocationSize: n/a, OpenResult: Opened"
"9:22:59.7862835 PM","Acrobat.exe","9712","QueryNameInformationFile","D:\","SUCCESS","Name: \"
"9:22:59.7862948 PM","Acrobat.exe","9712","QueryNameInformationFile","D:\","SUCCESS","Name: \"
"9:22:59.7863382 PM","Acrobat.exe","9712","QueryNormalizedNameInformationFile","D:\","SUCCESS",""
"9:22:59.7863530 PM","Acrobat.exe","9712","CloseFile","D:\","SUCCESS",""
"9:22:59.7863856 PM","Acrobat.exe","9712","CreateFile","D:\","SUCCESS","Desired Access: Read Data/List Directory, Synchronize, Disposition: Open, Options: Directory, Synchronous IO Non-Alert, Attributes: n/a, ShareMode: Read, Write, Delete, AllocationSize: n/a, OpenResult: Opened"
"9:22:59.7864110 PM","Acrobat.exe","9712","QueryNameInformationFile","D:\","SUCCESS","Name: \"
"9:22:59.7864208 PM","Acrobat.exe","9712","QueryNameInformationFile","D:\","SUCCESS","Name: \"
"9:22:59.7864635 PM","Acrobat.exe","13004","QueryDirectory","D:\hr-record.pdf","SUCCESS","FileInformationClass: FileBothDirectoryInformation, Filter: hr-record.pdf, 2: hr-record.pdf"
"9:22:59.7864951 PM","Acrobat.exe","13004","CloseFile","D:\","SUCCESS",""
"9:22:59.7873893 PM","Acrobat.exe","9712","CreateFile","D:\","SUCCESS","Desired Access: Read Attributes, Synchronize, Disposition: Open, Options: Synchronous IO Non-Alert, Open No Recall, Attributes: n/a, ShareMode: Read, Write, Delete, AllocationSize: n/a, OpenResult: Opened"
"9:22:59.7874164 PM","Acrobat.exe","9712","QueryNameInformationFile","D:\","SUCCESS","Name: \"
"9:22:59.7874273 PM","Acrobat.exe","9712","QueryNameInformationFile","D:\","SUCCESS","Name: \"
"9:22:59.7874711 PM","Acrobat.exe","9712","QueryNormalizedNameInformationFile","D:\","SUCCESS",""
"9:22:59.7875127 PM","Acrobat.exe","9712","CloseFile","D:\","SUCCESS",""
"9:22:59.7875422 PM","Acrobat.exe","9712","CreateFile","D:\","SUCCESS","Desired Access: Read Data/List Directory, Synchronize, Disposition: Open, Options: Directory, Synchronous IO Non-Alert, Attributes: n/a, ShareMode: Read, Write, Delete, AllocationSize: n/a, OpenResult: Opened"
"9:22:59.7875655 PM","Acrobat.exe","9712","QueryNameInformationFile","D:\","SUCCESS","Name: \"
"9:22:59.7875758 PM","Acrobat.exe","9712","QueryNameInformationFile","D:\","SUCCESS","Name: \"
"9:22:59.7876163 PM","Acrobat.exe","13004","CloseFile","D:\","SUCCESS",""
"9:22:59.7877173 PM","Acrobat.exe","9712","CreateFile","D:\","SUCCESS","Desired Access: Read Attributes, Synchronize, Disposition: Open, Options: Synchronous IO Non-Alert, Open No Recall, Attributes: n/a, ShareMode: Read, Write, Delete, AllocationSize: n/a, OpenResult: Opened"
"9:22:59.7877479 PM","Acrobat.exe","9712","QueryNameInformationFile","D:\","SUCCESS","Name: \"
"9:22:59.7877674 PM","Acrobat.exe","9712","QueryNameInformationFile","D:\","SUCCESS","Name: \"
"9:22:59.7878158 PM","Acrobat.exe","9712","QueryNormalizedNameInformationFile","D:\","SUCCESS",""
"9:22:59.7878407 PM","Acrobat.exe","9712","CloseFile","D:\","SUCCESS",""
"9:22:59.7878836 PM","Acrobat.exe","9712","CreateFile","D:\","SUCCESS","Desired Access: Read Attributes, Disposition: Open, Options: Open Reparse Point, Attributes: n/a, ShareMode: Read, Write, Delete, AllocationSize: n/a, OpenResult: Opened"
"9:22:59.7879071 PM","Acrobat.exe","9712","QueryBasicInformationFile","D:\","SUCCESS","CreationTime: 1/1/1601 2:00:00 AM, LastAccessTime: 1/1/1601 2:00:00 AM, LastWriteTime: 1/1/1601 2:00:00 AM, ChangeTime: 1/1/1601 2:00:00 AM, FileAttributes: D"
"9:22:59.7879152 PM","Acrobat.exe","9712","CloseFile","D:\","SUCCESS",""
"9:22:59.7897252 PM","Acrobat.exe","13004","QueryStandardInformationFile","D:\hr-record.pdf","SUCCESS","AllocationSize: 32,768, EndOfFile: 1,891, NumberOfLinks: 1, DeletePending: False, Directory: False"
"9:22:59.7897403 PM","Acrobat.exe","13004","QueryStandardInformationFile","D:\hr-record.pdf","SUCCESS","AllocationSize: 32,768, EndOfFile: 1,891, NumberOfLinks: 1, DeletePending: False, Directory: False"
"9:23:01.6659280 PM","Acrobat.exe","6280","CreateFile","D:\","SUCCESS","Desired Access: Read Attributes, Synchronize, Disposition: Open, Options: Synchronous IO Non-Alert, Open No Recall, Attributes: n/a, ShareMode: Read, Write, Delete, AllocationSize: n/a, OpenResult: Opened"
"9:23:01.6659754 PM","Acrobat.exe","6280","QueryNameInformationFile","D:\","SUCCESS","Name: \"
"9:23:01.6659932 PM","Acrobat.exe","6280","QueryNameInformationFile","D:\","SUCCESS","Name: \"
"9:23:01.6661097 PM","Acrobat.exe","6280","QueryNormalizedNameInformationFile","D:\","SUCCESS",""
"9:23:01.6661337 PM","Acrobat.exe","6280","CloseFile","D:\","SUCCESS",""
"9:23:01.6663059 PM","Acrobat.exe","6280","CreateFile","D:\hr-record.pdf","SUCCESS","Desired Access: Read Attributes, Synchronize, Disposition: Open, Options: Synchronous IO Non-Alert, Open No Recall, Attributes: n/a, ShareMode: Read, Write, Delete, AllocationSize: n/a, OpenResult: Opened"
"9:23:01.6663496 PM","Acrobat.exe","6280","QueryNameInformationFile","D:\hr-record.pdf","SUCCESS","Name: \hr-record.pdf"
"9:23:01.6663907 PM","Acrobat.exe","6280","QueryNameInformationFile","D:\hr-record.pdf","SUCCESS","Name: \hr-record.pdf"
"9:23:01.6664645 PM","Acrobat.exe","6280","QueryNormalizedNameInformationFile","D:\hr-record.pdf","SUCCESS",""
"9:23:01.6665285 PM","Acrobat.exe","6280","CloseFile","D:\hr-record.pdf","SUCCESS",""
"9:23:01.6667858 PM","Acrobat.exe","6280","CreateFile","D:\hr-record.pdf","SUCCESS","Desired Access: Read Attributes, Disposition: Open, Options: Open Reparse Point, Attributes: n/a, ShareMode: Read, Write, Delete, AllocationSize: n/a, OpenResult: Opened"
"9:23:01.6668503 PM","Acrobat.exe","6280","QueryBasicInformationFile","D:\hr-record.pdf","SUCCESS","CreationTime: 9/12/2026 7:27:05 PM, LastAccessTime: 9/12/2026 12:00:00 AM, LastWriteTime: 9/10/2026 3:38:34 PM, ChangeTime: 1/1/1601 2:00:00 AM, FileAttributes: A"
"9:23:01.6668690 PM","Acrobat.exe","6280","CloseFile","D:\hr-record.pdf","SUCCESS",""
"9:23:01.6692931 PM","Acrobat.exe","6280","CreateFile","D:\hr-record.pdf","SUCCESS","Desired Access: Read Attributes, Synchronize, Disposition: Open, Options: Synchronous IO Non-Alert, Open No Recall, Attributes: n/a, ShareMode: Read, Write, Delete, AllocationSize: n/a, OpenResult: Opened"
"9:23:01.6693311 PM","Acrobat.exe","6280","QueryNameInformationFile","D:\hr-record.pdf","SUCCESS","Name: \hr-record.pdf"
"9:23:01.6693428 PM","Acrobat.exe","6280","QueryNameInformationFile","D:\hr-record.pdf","SUCCESS","Name: \hr-record.pdf"
"9:23:01.6694104 PM","Acrobat.exe","6280","QueryNormalizedNameInformationFile","D:\hr-record.pdf","SUCCESS",""
"9:23:01.6694436 PM","Acrobat.exe","6280","CloseFile","D:\hr-record.pdf","SUCCESS",""
"9:23:01.6696204 PM","Acrobat.exe","6280","CreateFile","D:\hr-record.pdf","SUCCESS","Desired Access: Generic Read, Disposition: Open, Options: Synchronous IO Non-Alert, Non-Directory File, Attributes: N, ShareMode: Read, AllocationSize: n/a, OpenResult: Opened"
"9:23:01.6697044 PM","Acrobat.exe","6280","QueryNameInformationFile","D:\hr-record.pdf","BUFFER OVERFLOW","Name: \hr-re"
"9:23:01.6697296 PM","Acrobat.exe","6280","QueryNameInformationFile","D:\hr-record.pdf","SUCCESS","Name: \hr-record.pdf"
"9:23:01.6697798 PM","Acrobat.exe","27624","QueryStandardInformationFile","D:\hr-record.pdf","SUCCESS","AllocationSize: 32,768, EndOfFile: 1,891, NumberOfLinks: 1, DeletePending: False, Directory: False"
"9:23:01.6731953 PM","Acrobat.exe","27624","QueryStandardInformationFile","D:\hr-record.pdf","SUCCESS","AllocationSize: 32,768, EndOfFile: 1,891, NumberOfLinks: 1, DeletePending: False, Directory: False"
"9:23:01.6732120 PM","Acrobat.exe","27624","QueryStandardInformationFile","D:\hr-record.pdf","SUCCESS","AllocationSize: 32,768, EndOfFile: 1,891, NumberOfLinks: 1, DeletePending: False, Directory: False"
"9:23:01.6736906 PM","Acrobat.exe","27624","ReadFile","D:\hr-record.pdf","SUCCESS","Offset: 0, Length: 1,891, Priority: Normal"
"9:23:01.6740804 PM","Acrobat.exe","27624","QueryStandardInformationFile","D:\hr-record.pdf","SUCCESS","AllocationSize: 32,768, EndOfFile: 1,891, NumberOfLinks: 1, DeletePending: False, Directory: False"
"9:23:01.6741387 PM","Acrobat.exe","27624","QueryStandardInformationFile","D:\hr-record.pdf","SUCCESS","AllocationSize: 32,768, EndOfFile: 1,891, NumberOfLinks: 1, DeletePending: False, Directory: False"
"9:23:01.6742425 PM","Acrobat.exe","27624","ReadFile","D:\hr-record.pdf","SUCCESS","Offset: 0, Length: 1,891"
"9:23:01.6745967 PM","Acrobat.exe","27624","QueryStandardInformationFile","D:\hr-record.pdf","SUCCESS","AllocationSize: 32,768, EndOfFile: 1,891, NumberOfLinks: 1, DeletePending: False, Directory: False"
"9:23:01.6746209 PM","Acrobat.exe","27624","QueryStandardInformationFile","D:\hr-record.pdf","SUCCESS","AllocationSize: 32,768, EndOfFile: 1,891, NumberOfLinks: 1, DeletePending: False, Directory: False"
"9:23:01.6746616 PM","Acrobat.exe","27624","ReadFile","D:\hr-record.pdf","SUCCESS","Offset: 1,520, Length: 371"
"9:23:01.6750512 PM","Acrobat.exe","27624","QueryStandardInformationFile","D:\hr-record.pdf","SUCCESS","AllocationSize: 32,768, EndOfFile: 1,891, NumberOfLinks: 1, DeletePending: False, Directory: False"
"9:23:01.6751232 PM","Acrobat.exe","27624","QueryStandardInformationFile","D:\hr-record.pdf","SUCCESS","AllocationSize: 32,768, EndOfFile: 1,891, NumberOfLinks: 1, DeletePending: False, Directory: False"
"9:23:01.6757109 PM","Acrobat.exe","27624","ReadFile","D:\hr-record.pdf","SUCCESS","Offset: 402, Length: 1,489"
"9:23:01.6774086 PM","Acrobat.exe","27624","ReadFile","D:\hr-record.pdf","SUCCESS","Offset: 199, Length: 1,692"
"9:23:01.6819568 PM","Acrobat.exe","27624","ReadFile","D:\hr-record.pdf","SUCCESS","Offset: 61, Length: 1,830"
"9:23:01.6889803 PM","Acrobat.exe","27624","ReadFile","D:\hr-record.pdf","SUCCESS","Offset: 882, Length: 621"
"9:23:02.5514087 PM","Acrobat.exe","13004","CloseFile","D:\hr-record.pdf","SUCCESS",""
"9:23:02.5561851 PM","Acrobat.exe","9712","CreateFile","D:\hr-record.pdf","SUCCESS","Desired Access: Read Attributes, Synchronize, Disposition: Open, Options: Synchronous IO Non-Alert, Open No Recall, Attributes: n/a, ShareMode: Read, Write, Delete, AllocationSize: n/a, OpenResult: Opened"
"9:23:02.5562206 PM","Acrobat.exe","9712","QueryNameInformationFile","D:\hr-record.pdf","SUCCESS","Name: \hr-record.pdf"
"9:23:02.5562314 PM","Acrobat.exe","9712","QueryNameInformationFile","D:\hr-record.pdf","SUCCESS","Name: \hr-record.pdf"
"9:23:02.5562794 PM","Acrobat.exe","9712","QueryNormalizedNameInformationFile","D:\hr-record.pdf","SUCCESS",""
"9:23:02.5562970 PM","Acrobat.exe","9712","CloseFile","D:\hr-record.pdf","SUCCESS",""
"9:23:02.5564693 PM","Acrobat.exe","9712","CreateFile","D:\hr-record.pdf","SUCCESS","Desired Access: Read Attributes, Synchronize, Disposition: Open, Options: Synchronous IO Non-Alert, Open No Recall, Attributes: n/a, ShareMode: Read, Write, Delete, AllocationSize: n/a, OpenResult: Opened"
"9:23:02.5565044 PM","Acrobat.exe","9712","QueryNameInformationFile","D:\hr-record.pdf","SUCCESS","Name: \hr-record.pdf"
"9:23:02.5565223 PM","Acrobat.exe","9712","QueryNameInformationFile","D:\hr-record.pdf","SUCCESS","Name: \hr-record.pdf"
"9:23:02.5565968 PM","Acrobat.exe","9712","QueryNormalizedNameInformationFile","D:\hr-record.pdf","SUCCESS",""
"9:23:02.5566117 PM","Acrobat.exe","9712","CloseFile","D:\hr-record.pdf","SUCCESS",""
"9:23:02.7176320 PM","Acrobat.exe","27624","CloseFile","D:\hr-record.pdf","SUCCESS",""
"9:23:04.2117758 PM","Explorer.EXE","9848","CreateFile","D:\test-document.txt","SUCCESS","Desired Access: Read Attributes, Disposition: Open, Options: Open Reparse Point, Attributes: n/a, ShareMode: Read, Write, Delete, AllocationSize: n/a, OpenResult: Opened"
"9:23:04.2118140 PM","Explorer.EXE","9848","QueryBasicInformationFile","D:\test-document.txt","SUCCESS","CreationTime: 9/12/2026 7:27:05 PM, LastAccessTime: 9/12/2026 12:00:00 AM, LastWriteTime: 5/23/2026 11:23:58 AM, ChangeTime: 1/1/1601 2:00:00 AM, FileAttributes: A"
"9:23:04.2118244 PM","Explorer.EXE","9848","CloseFile","D:\test-document.txt","SUCCESS",""
"9:23:04.2119702 PM","Explorer.EXE","9848","CreateFile","D:\test-document.txt","SUCCESS","Desired Access: Read Attributes, Read Control, Synchronize, Disposition: Open, Options: Synchronous IO Non-Alert, Non-Directory File, Disallow Exclusive, Attributes: n/a, ShareMode: Read, Write, AllocationSize: n/a, OpenResult: Opened"
"9:23:04.2119962 PM","Explorer.EXE","9848","QuerySecurityFile","D:\test-document.txt","INVALID DEVICE REQUEST","Information: Label"
"9:23:04.2120076 PM","Explorer.EXE","9848","QuerySecurityFile","D:\test-document.txt","INVALID DEVICE REQUEST","Information: Label"
"9:23:04.2120249 PM","Explorer.EXE","9848","CloseFile","D:\test-document.txt","SUCCESS",""
"9:23:04.2121355 PM","Explorer.EXE","9848","CreateFile","D:\test-document.txt","SUCCESS","Desired Access: Read Attributes, Disposition: Open, Options: Open Reparse Point, Attributes: n/a, ShareMode: Read, Write, Delete, AllocationSize: n/a, OpenResult: Opened"
"9:23:04.2121502 PM","Explorer.EXE","9848","QueryBasicInformationFile","D:\test-document.txt","SUCCESS","CreationTime: 9/12/2026 7:27:05 PM, LastAccessTime: 9/12/2026 12:00:00 AM, LastWriteTime: 5/23/2026 11:23:58 AM, ChangeTime: 1/1/1601 2:00:00 AM, FileAttributes: A"
"9:23:04.2121617 PM","Explorer.EXE","9848","CloseFile","D:\test-document.txt","SUCCESS",""
"9:23:04.2122922 PM","Explorer.EXE","9848","CreateFile","D:\test-document.txt","SUCCESS","Desired Access: Read Attributes, Disposition: Open, Options: Open Reparse Point, Attributes: n/a, ShareMode: Read, Write, Delete, AllocationSize: n/a, OpenResult: Opened"
"9:23:04.2123063 PM","Explorer.EXE","9848","QueryBasicInformationFile","D:\test-document.txt","SUCCESS","CreationTime: 9/12/2026 7:27:05 PM, LastAccessTime: 9/12/2026 12:00:00 AM, LastWriteTime: 5/23/2026 11:23:58 AM, ChangeTime: 1/1/1601 2:00:00 AM, FileAttributes: A"
"9:23:04.2123167 PM","Explorer.EXE","9848","CloseFile","D:\test-document.txt","SUCCESS",""
"9:23:04.2124403 PM","Explorer.EXE","9848","CreateFile","D:\test-document.txt:Zone.Identifier","NAME INVALID","Desired Access: Read Attributes, Disposition: Open, Options: Open Reparse Point, Attributes: n/a, ShareMode: Read, Write, Delete, AllocationSize: n/a"
"9:23:04.2125168 PM","Explorer.EXE","9848","CreateFile","D:\test-document.txt","SUCCESS","Desired Access: Read Attributes, Synchronize, Disposition: Open, Options: Synchronous IO Non-Alert, Non-Directory File, Attributes: n/a, ShareMode: Read, Write, AllocationSize: n/a, OpenResult: Opened"
"9:23:04.2125347 PM","Explorer.EXE","9848","CloseFile","D:\test-document.txt","SUCCESS",""
"9:23:04.2125944 PM","Explorer.EXE","9848","CreateFile","D:\test-document.txt","SUCCESS","Desired Access: Read Attributes, Synchronize, Disposition: Open, Options: Synchronous IO Non-Alert, Attributes: n/a, ShareMode: Read, Write, AllocationSize: n/a, OpenResult: Opened"
"9:23:04.2126097 PM","Explorer.EXE","9848","CloseFile","D:\test-document.txt","SUCCESS",""
"9:23:04.2127468 PM","Explorer.EXE","9848","CreateFile","D:\test-document.txt","SUCCESS","Desired Access: Read Attributes, Synchronize, Disposition: Open, Options: Synchronous IO Alert, Attributes: n/a, ShareMode: Read, Write, AllocationSize: n/a, OpenResult: Opened"
"9:23:04.2128057 PM","Explorer.EXE","9848","DeviceIoControl","D:\test-document.txt","INVALID PARAMETER","Control: IOCTL_MOUNTDEV_QUERY_DEVICE_NAME"
"9:23:04.2128206 PM","Explorer.EXE","9848","CloseFile","D:\test-document.txt","SUCCESS",""
"9:23:04.2129481 PM","Explorer.EXE","9848","CreateFile","D:\test-document.txt","NAME INVALID","Desired Access: Read Attributes, Synchronize, Disposition: Open, Options: Synchronous IO Non-Alert, Open Reparse Point, Attributes: N, ShareMode: Read, Write, AllocationSize: n/a"
"9:23:04.2411455 PM","Explorer.EXE","9848","CreateFile","D:\","SUCCESS","Desired Access: Read Attributes, Disposition: Open, Options: Open Reparse Point, Attributes: n/a, ShareMode: Read, Write, Delete, AllocationSize: n/a, OpenResult: Opened"
"9:23:04.2411688 PM","Explorer.EXE","9848","QueryBasicInformationFile","D:\","SUCCESS","CreationTime: 1/1/1601 2:00:00 AM, LastAccessTime: 1/1/1601 2:00:00 AM, LastWriteTime: 1/1/1601 2:00:00 AM, ChangeTime: 1/1/1601 2:00:00 AM, FileAttributes: D"
"9:23:04.2411786 PM","Explorer.EXE","9848","CloseFile","D:\","SUCCESS",""
"9:23:04.4202244 PM","Explorer.EXE","9848","CreateFile","D:\test-document.txt","SUCCESS","Desired Access: Read Attributes, Disposition: Open, Options: Open Reparse Point, Attributes: n/a, ShareMode: Read, Write, Delete, AllocationSize: n/a, OpenResult: Opened"
"9:23:04.4202405 PM","Explorer.EXE","9848","QueryBasicInformationFile","D:\test-document.txt","SUCCESS","CreationTime: 9/12/2026 7:27:05 PM, LastAccessTime: 9/12/2026 12:00:00 AM, LastWriteTime: 5/23/2026 11:23:58 AM, ChangeTime: 1/1/1601 2:00:00 AM, FileAttributes: A"
"9:23:04.4202483 PM","Explorer.EXE","9848","CloseFile","D:\test-document.txt","SUCCESS",""
"9:23:04.4203445 PM","Explorer.EXE","9848","CreateFile","D:\test-document.txt","SUCCESS","Desired Access: Read Attributes, Disposition: Open, Options: Open Reparse Point, Attributes: n/a, ShareMode: Read, Write, Delete, AllocationSize: n/a, OpenResult: Opened"
"9:23:04.4203726 PM","Explorer.EXE","9848","QueryBasicInformationFile","D:\test-document.txt","SUCCESS","CreationTime: 9/12/2026 7:27:05 PM, LastAccessTime: 9/12/2026 12:00:00 AM, LastWriteTime: 5/23/2026 11:23:58 AM, ChangeTime: 1/1/1601 2:00:00 AM, FileAttributes: A"
"9:23:04.4203901 PM","Explorer.EXE","9848","CloseFile","D:\test-document.txt","SUCCESS",""
"9:23:04.4327777 PM","Explorer.EXE","9848","CreateFile","D:\","SUCCESS","Desired Access: Synchronize, Disposition: Open, Options: Directory, Synchronous IO Non-Alert, Attributes: n/a, ShareMode: Read, Write, AllocationSize: n/a, OpenResult: Opened"
"9:23:04.4328150 PM","Explorer.EXE","9848","QueryNameInformationFile","D:\","SUCCESS","Name: \"
"9:23:04.4328346 PM","Explorer.EXE","9848","QueryInformationVolume","D:\","SUCCESS","VolumeCreationTime: 1/1/1601 2:00:00 AM, VolumeSerialNumber: 3CE5-D415, SupportsObjects: False, VolumeLabel: "
"9:23:04.4328490 PM","Explorer.EXE","9848","CloseFile","D:\","SUCCESS",""
"9:23:04.4329821 PM","Explorer.EXE","9848","CreateFile","D:\test-document.txt","SUCCESS","Desired Access: Read Attributes, Synchronize, Disposition: Open, Options: Synchronous IO Non-Alert, Open Reparse Point, Attributes: n/a, ShareMode: Read, Write, Delete, AllocationSize: n/a, OpenResult: Opened"
"9:23:04.4330044 PM","Explorer.EXE","9848","QueryNetworkOpenInformationFile","D:\test-document.txt","SUCCESS","CreationTime: 9/12/2026 7:27:05 PM, LastAccessTime: 9/12/2026 12:00:00 AM, LastWriteTime: 5/23/2026 11:23:58 AM, ChangeTime: 1/1/1601 2:00:00 AM, AllocationSize: 1/1/1601 2:00:00 AM, EndOfFile: 1/1/1601 2:00:00 AM, FileAttributes: A"
"9:23:04.4330198 PM","Explorer.EXE","9848","FileSystemControl","D:\test-document.txt","INVALID DEVICE REQUEST","Control: FSCTL_CREATE_OR_GET_OBJECT_ID"
"9:23:04.4330436 PM","Explorer.EXE","9848","CloseFile","D:\test-document.txt","SUCCESS",""
"9:23:04.4421841 PM","Explorer.EXE","9848","CreateFile","D:\","SUCCESS","Desired Access: Read Data/List Directory, Read Attributes, Synchronize, Disposition: Open, Options: Synchronous IO Non-Alert, Attributes: n/a, ShareMode: Read, Write, Delete, AllocationSize: n/a, OpenResult: Opened"
"9:23:04.4422211 PM","Explorer.EXE","9848","QueryRemoteProtocolInformation","D:\","INVALID PARAMETER",""
"9:23:04.4422317 PM","Explorer.EXE","9848","QueryDirectory","D:\test-document.txt","SUCCESS","FileInformationClass: FileIdBothDirectoryInformation, Filter: test-document.txt, 2: test-document.txt"
"9:23:04.4422711 PM","Explorer.EXE","9848","CloseFile","D:\","SUCCESS",""
"9:23:04.4438839 PM","Explorer.EXE","9848","CreateFile","D:\","SUCCESS","Desired Access: Synchronize, Disposition: Open, Options: Directory, Synchronous IO Non-Alert, Attributes: n/a, ShareMode: Read, Write, AllocationSize: n/a, OpenResult: Opened"
"9:23:04.4439199 PM","Explorer.EXE","9848","QueryNameInformationFile","D:\","SUCCESS","Name: \"
"9:23:04.4439422 PM","Explorer.EXE","9848","QueryInformationVolume","D:\","SUCCESS","VolumeCreationTime: 1/1/1601 2:00:00 AM, VolumeSerialNumber: 3CE5-D415, SupportsObjects: False, VolumeLabel: "
"9:23:04.4439591 PM","Explorer.EXE","9848","CloseFile","D:\","SUCCESS",""
"9:23:04.4441125 PM","Explorer.EXE","9848","CreateFile","D:\test-document.txt","SUCCESS","Desired Access: Read Attributes, Synchronize, Disposition: Open, Options: Synchronous IO Non-Alert, Open Reparse Point, Attributes: n/a, ShareMode: Read, Write, Delete, AllocationSize: n/a, OpenResult: Opened"
"9:23:04.4441450 PM","Explorer.EXE","9848","QueryNetworkOpenInformationFile","D:\test-document.txt","SUCCESS","CreationTime: 9/12/2026 7:27:05 PM, LastAccessTime: 9/12/2026 12:00:00 AM, LastWriteTime: 5/23/2026 11:23:58 AM, ChangeTime: 1/1/1601 2:00:00 AM, AllocationSize: 1/1/1601 2:00:00 AM, EndOfFile: 1/1/1601 2:00:00 AM, FileAttributes: A"
"9:23:04.4441609 PM","Explorer.EXE","9848","FileSystemControl","D:\test-document.txt","INVALID DEVICE REQUEST","Control: FSCTL_CREATE_OR_GET_OBJECT_ID"
"9:23:04.4441784 PM","Explorer.EXE","9848","CloseFile","D:\test-document.txt","SUCCESS",""
"9:23:04.4515310 PM","Explorer.EXE","9848","CreateFile","D:\","SUCCESS","Desired Access: Read Attributes, Disposition: Open, Options: Open Reparse Point, Attributes: n/a, ShareMode: Read, Write, Delete, AllocationSize: n/a, OpenResult: Opened"
"9:23:04.4515633 PM","Explorer.EXE","9848","QueryBasicInformationFile","D:\","SUCCESS","CreationTime: 1/1/1601 2:00:00 AM, LastAccessTime: 1/1/1601 2:00:00 AM, LastWriteTime: 1/1/1601 2:00:00 AM, ChangeTime: 1/1/1601 2:00:00 AM, FileAttributes: D"
"9:23:04.4515815 PM","Explorer.EXE","9848","CloseFile","D:\","SUCCESS",""
"9:23:04.4518374 PM","Explorer.EXE","9848","CreateFile","D:\","SUCCESS","Desired Access: Read Attributes, Disposition: Open, Options: Open Reparse Point, Attributes: n/a, ShareMode: Read, Write, Delete, AllocationSize: n/a, OpenResult: Opened"
"9:23:04.4518520 PM","Explorer.EXE","9848","QueryBasicInformationFile","D:\","SUCCESS","CreationTime: 1/1/1601 2:00:00 AM, LastAccessTime: 1/1/1601 2:00:00 AM, LastWriteTime: 1/1/1601 2:00:00 AM, ChangeTime: 1/1/1601 2:00:00 AM, FileAttributes: D"
"9:23:04.4518603 PM","Explorer.EXE","9848","CloseFile","D:\","SUCCESS",""
"9:23:04.4730194 PM","Explorer.EXE","9848","CreateFile","D:\","SUCCESS","Desired Access: Synchronize, Disposition: Open, Options: Directory, Synchronous IO Non-Alert, Attributes: n/a, ShareMode: Read, Write, AllocationSize: n/a, OpenResult: Opened"
"9:23:04.4730455 PM","Explorer.EXE","9848","QueryNameInformationFile","D:\","SUCCESS","Name: \"
"9:23:04.4730598 PM","Explorer.EXE","9848","QueryInformationVolume","D:\","SUCCESS","VolumeCreationTime: 1/1/1601 2:00:00 AM, VolumeSerialNumber: 3CE5-D415, SupportsObjects: False, VolumeLabel: "
"9:23:04.4730693 PM","Explorer.EXE","9848","CloseFile","D:\","SUCCESS",""
"9:23:04.4731512 PM","Explorer.EXE","9848","CreateFile","D:\test-document.txt","SUCCESS","Desired Access: Read Attributes, Synchronize, Disposition: Open, Options: Synchronous IO Non-Alert, Open Reparse Point, Attributes: n/a, ShareMode: Read, Write, Delete, AllocationSize: n/a, OpenResult: Opened"
"9:23:04.4731691 PM","Explorer.EXE","9848","QueryNetworkOpenInformationFile","D:\test-document.txt","SUCCESS","CreationTime: 9/12/2026 7:27:05 PM, LastAccessTime: 9/12/2026 12:00:00 AM, LastWriteTime: 5/23/2026 11:23:58 AM, ChangeTime: 1/1/1601 2:00:00 AM, AllocationSize: 1/1/1601 2:00:00 AM, EndOfFile: 1/1/1601 2:00:00 AM, FileAttributes: A"
"9:23:04.4731883 PM","Explorer.EXE","9848","FileSystemControl","D:\test-document.txt","INVALID DEVICE REQUEST","Control: FSCTL_CREATE_OR_GET_OBJECT_ID"
"9:23:04.4732116 PM","Explorer.EXE","9848","CloseFile","D:\test-document.txt","SUCCESS",""
"9:23:04.4861157 PM","Explorer.EXE","9848","CreateFile","D:\","SUCCESS","Desired Access: Synchronize, Disposition: Open, Options: Directory, Synchronous IO Non-Alert, Attributes: n/a, ShareMode: Read, Write, AllocationSize: n/a, OpenResult: Opened"
"9:23:04.4861464 PM","Explorer.EXE","9848","QueryNameInformationFile","D:\","SUCCESS","Name: \"
"9:23:04.4861615 PM","Explorer.EXE","9848","QueryInformationVolume","D:\","SUCCESS","VolumeCreationTime: 1/1/1601 2:00:00 AM, VolumeSerialNumber: 3CE5-D415, SupportsObjects: False, VolumeLabel: "
"9:23:04.4861726 PM","Explorer.EXE","9848","CloseFile","D:\","SUCCESS",""
"9:23:04.4862656 PM","Explorer.EXE","9848","CreateFile","D:\test-document.txt","SUCCESS","Desired Access: Read Attributes, Synchronize, Disposition: Open, Options: Synchronous IO Non-Alert, Open Reparse Point, Attributes: n/a, ShareMode: Read, Write, Delete, AllocationSize: n/a, OpenResult: Opened"
"9:23:04.4862905 PM","Explorer.EXE","9848","QueryNetworkOpenInformationFile","D:\test-document.txt","SUCCESS","CreationTime: 9/12/2026 7:27:05 PM, LastAccessTime: 9/12/2026 12:00:00 AM, LastWriteTime: 5/23/2026 11:23:58 AM, ChangeTime: 1/1/1601 2:00:00 AM, AllocationSize: 1/1/1601 2:00:00 AM, EndOfFile: 1/1/1601 2:00:00 AM, FileAttributes: A"
"9:23:04.4863012 PM","Explorer.EXE","9848","FileSystemControl","D:\test-document.txt","INVALID DEVICE REQUEST","Control: FSCTL_CREATE_OR_GET_OBJECT_ID"
"9:23:04.4863156 PM","Explorer.EXE","9848","CloseFile","D:\test-document.txt","SUCCESS",""
"9:23:04.4863776 PM","Explorer.EXE","9848","CreateFile","D:\","SUCCESS","Desired Access: Synchronize, Disposition: Open, Options: Directory, Synchronous IO Non-Alert, Attributes: n/a, ShareMode: Read, Write, AllocationSize: n/a, OpenResult: Opened"
"9:23:04.4864133 PM","Explorer.EXE","9848","QueryNameInformationFile","D:\","SUCCESS","Name: \"
"9:23:04.4864277 PM","Explorer.EXE","9848","QueryInformationVolume","D:\","SUCCESS","VolumeCreationTime: 1/1/1601 2:00:00 AM, VolumeSerialNumber: 3CE5-D415, SupportsObjects: False, VolumeLabel: "
"9:23:04.4864381 PM","Explorer.EXE","9848","CloseFile","D:\","SUCCESS",""
"9:23:04.4865533 PM","Explorer.EXE","9848","CreateFile","D:\test-document.txt","SUCCESS","Desired Access: Read Attributes, Synchronize, Disposition: Open, Options: Synchronous IO Non-Alert, Open Reparse Point, Attributes: n/a, ShareMode: Read, Write, Delete, AllocationSize: n/a, OpenResult: Opened"
"9:23:04.4865687 PM","Explorer.EXE","9848","QueryNetworkOpenInformationFile","D:\test-document.txt","SUCCESS","CreationTime: 9/12/2026 7:27:05 PM, LastAccessTime: 9/12/2026 12:00:00 AM, LastWriteTime: 5/23/2026 11:23:58 AM, ChangeTime: 1/1/1601 2:00:00 AM, AllocationSize: 1/1/1601 2:00:00 AM, EndOfFile: 1/1/1601 2:00:00 AM, FileAttributes: A"
"9:23:04.4865783 PM","Explorer.EXE","9848","FileSystemControl","D:\test-document.txt","INVALID DEVICE REQUEST","Control: FSCTL_CREATE_OR_GET_OBJECT_ID"
"9:23:04.4865870 PM","Explorer.EXE","9848","CloseFile","D:\test-document.txt","SUCCESS",""
"9:23:04.4870126 PM","Explorer.EXE","9848","CreateFile","D:\","SUCCESS","Desired Access: Read Data/List Directory, Read Attributes, Synchronize, Disposition: Open, Options: Synchronous IO Non-Alert, Attributes: n/a, ShareMode: Read, Write, Delete, AllocationSize: n/a, OpenResult: Opened"
"9:23:04.4870435 PM","Explorer.EXE","9848","QueryRemoteProtocolInformation","D:\","INVALID PARAMETER",""
"9:23:04.4870643 PM","Explorer.EXE","9848","QueryDirectory","D:\test-document.txt","SUCCESS","FileInformationClass: FileIdBothDirectoryInformation, Filter: test-document.txt, 2: test-document.txt"
"9:23:04.4870917 PM","Explorer.EXE","9848","CloseFile","D:\","SUCCESS",""
"9:23:04.4871523 PM","Explorer.EXE","9848","CreateFile","D:\","SUCCESS","Desired Access: Synchronize, Disposition: Open, Options: Directory, Synchronous IO Non-Alert, Attributes: n/a, ShareMode: Read, Write, AllocationSize: n/a, OpenResult: Opened"
"9:23:04.4871705 PM","Explorer.EXE","9848","QueryNameInformationFile","D:\","SUCCESS","Name: \"
"9:23:04.4871858 PM","Explorer.EXE","9848","QueryInformationVolume","D:\","SUCCESS","VolumeCreationTime: 1/1/1601 2:00:00 AM, VolumeSerialNumber: 3CE5-D415, SupportsObjects: False, VolumeLabel: "
"9:23:04.4871980 PM","Explorer.EXE","9848","CloseFile","D:\","SUCCESS",""
"9:23:04.4872831 PM","Explorer.EXE","9848","CreateFile","D:\test-document.txt","SUCCESS","Desired Access: Read Attributes, Synchronize, Disposition: Open, Options: Synchronous IO Non-Alert, Open Reparse Point, Attributes: n/a, ShareMode: Read, Write, Delete, AllocationSize: n/a, OpenResult: Opened"
"9:23:04.4873019 PM","Explorer.EXE","9848","QueryNetworkOpenInformationFile","D:\test-document.txt","SUCCESS","CreationTime: 9/12/2026 7:27:05 PM, LastAccessTime: 9/12/2026 12:00:00 AM, LastWriteTime: 5/23/2026 11:23:58 AM, ChangeTime: 1/1/1601 2:00:00 AM, AllocationSize: 1/1/1601 2:00:00 AM, EndOfFile: 1/1/1601 2:00:00 AM, FileAttributes: A"
"9:23:04.4873295 PM","Explorer.EXE","9848","FileSystemControl","D:\test-document.txt","INVALID DEVICE REQUEST","Control: FSCTL_CREATE_OR_GET_OBJECT_ID"
"9:23:04.4873423 PM","Explorer.EXE","9848","CloseFile","D:\test-document.txt","SUCCESS",""
"9:23:04.5012039 PM","Notepad.exe","18080","CreateFile","D:\test-document.txt","SUCCESS","Desired Access: Read Attributes, Disposition: Open, Options: Open Reparse Point, Attributes: n/a, ShareMode: Read, Write, Delete, AllocationSize: n/a, OpenResult: Opened"
"9:23:04.5012214 PM","Notepad.exe","18080","QueryNetworkOpenInformationFile","D:\test-document.txt","SUCCESS","CreationTime: 9/12/2026 7:27:05 PM, LastAccessTime: 9/12/2026 12:00:00 AM, LastWriteTime: 5/23/2026 11:23:58 AM, ChangeTime: 1/1/1980 12:00:00 AM, AllocationSize: 1/1/1601 2:00:00 AM, EndOfFile: 1/1/1601 2:00:00 AM, FileAttributes: A"
"9:23:04.5012293 PM","Notepad.exe","18080","CloseFile","D:\test-document.txt","SUCCESS",""
"9:23:04.5018722 PM","Explorer.EXE","9848","CreateFile","D:\","SUCCESS","Desired Access: Synchronize, Disposition: Open, Options: Directory, Synchronous IO Non-Alert, Attributes: n/a, ShareMode: Read, Write, AllocationSize: n/a, OpenResult: Opened"
"9:23:04.5018934 PM","Explorer.EXE","9848","QueryNameInformationFile","D:\","SUCCESS","Name: \"
"9:23:04.5019068 PM","Explorer.EXE","9848","QueryInformationVolume","D:\","SUCCESS","VolumeCreationTime: 1/1/1601 2:00:00 AM, VolumeSerialNumber: 3CE5-D415, SupportsObjects: False, VolumeLabel: "
"9:23:04.5019172 PM","Explorer.EXE","9848","CloseFile","D:\","SUCCESS",""
"9:23:04.5019494 PM","Explorer.EXE","9848","CreateFile","D:\","SUCCESS","Desired Access: Read Attributes, Synchronize, Disposition: Open, Options: Synchronous IO Non-Alert, Open Reparse Point, Attributes: n/a, ShareMode: Read, Write, Delete, AllocationSize: n/a, OpenResult: Opened"
"9:23:04.5019613 PM","Explorer.EXE","9848","QueryNetworkOpenInformationFile","D:\","SUCCESS","CreationTime: 1/1/1980 12:00:00 AM, LastAccessTime: 1/1/1980 12:00:00 AM, LastWriteTime: 1/1/1980 12:00:00 AM, ChangeTime: 1/1/1601 2:00:00 AM, AllocationSize: 1/1/1601 2:00:00 AM, EndOfFile: 1/1/1601 2:00:00 AM, FileAttributes: D"
"9:23:04.5019711 PM","Explorer.EXE","9848","FileSystemControl","D:\","INVALID DEVICE REQUEST","Control: FSCTL_CREATE_OR_GET_OBJECT_ID"
"9:23:04.5019801 PM","Explorer.EXE","9848","CloseFile","D:\","SUCCESS",""
"9:23:04.5023238 PM","Notepad.exe","18080","CreateFile","D:\test-document.txt","SUCCESS","Desired Access: Read Attributes, Disposition: Open, Options: Open Reparse Point, Attributes: n/a, ShareMode: Read, Write, Delete, AllocationSize: n/a, OpenResult: Opened"
"9:23:04.5023382 PM","Notepad.exe","18080","QueryBasicInformationFile","D:\test-document.txt","SUCCESS","CreationTime: 9/12/2026 7:27:05 PM, LastAccessTime: 9/12/2026 12:00:00 AM, LastWriteTime: 5/23/2026 11:23:58 AM, ChangeTime: 1/1/1601 2:00:00 AM, FileAttributes: A"
"9:23:04.5023449 PM","Notepad.exe","18080","CloseFile","D:\test-document.txt","SUCCESS",""
"9:23:04.5052927 PM","Explorer.EXE","9848","CreateFile","D:\test-document.txt","SUCCESS","Desired Access: Read Attributes, Synchronize, Disposition: Open, Options: Synchronous IO Non-Alert, Non-Directory File, Attributes: n/a, ShareMode: Read, AllocationSize: n/a, OpenResult: Opened"
"9:23:04.5053149 PM","Explorer.EXE","9848","FileSystemControl","D:\test-document.txt","INVALID DEVICE REQUEST","Control: FSCTL_CREATE_OR_GET_OBJECT_ID"
"9:23:04.5053264 PM","Explorer.EXE","9848","CloseFile","D:\test-document.txt","SUCCESS",""
"9:23:05.2306105 PM","Notepad.exe","18080","CreateFile","D:\test-document.txt","SUCCESS","Desired Access: Generic Read, Disposition: Open, Options: Synchronous IO Non-Alert, Non-Directory File, Disallow Exclusive, Attributes: N, ShareMode: Read, Write, AllocationSize: n/a, OpenResult: Opened"
"9:23:05.2307150 PM","Notepad.exe","18080","FileSystemControl","D:\test-document.txt","INVALID DEVICE REQUEST","Control: 0x90390 (Device:0x9 Function:228 Method: 0)"
"9:23:05.2307511 PM","Notepad.exe","18080","QueryBasicInformationFile","D:\test-document.txt","SUCCESS","CreationTime: 9/12/2026 7:27:05 PM, LastAccessTime: 9/12/2026 12:00:00 AM, LastWriteTime: 5/23/2026 11:23:58 AM, ChangeTime: 1/1/1601 2:00:00 AM, FileAttributes: A"
"9:23:05.2307944 PM","Notepad.exe","18080","FileSystemControl","D:\test-document.txt","INVALID DEVICE REQUEST","Control: 0x90390 (Device:0x9 Function:228 Method: 0)"
"9:23:05.2308280 PM","Notepad.exe","18080","QueryAttributeInformationVolume","D:\test-document.txt","SUCCESS","FileSystemAttributes: Case Preserved, Unicode, EFS, 0x200, MaximumComponentNameLength: 255, FileSystemName: FAT32"
"9:23:05.2320306 PM","MsMpEng.exe","6804","CreateFileMapping","D:\test-document.txt","FILE LOCKED WITH ONLY READERS","SyncType: SyncTypeCreateSection, PageProtection: PAGE_READONLY"
"9:23:05.2320462 PM","MsMpEng.exe","6804","QueryStandardInformationFile","D:\test-document.txt","SUCCESS","AllocationSize: 32,768, EndOfFile: 2,078, NumberOfLinks: 1, DeletePending: False, Directory: False"
"9:23:05.2321294 PM","MsMpEng.exe","6804","ReadFile","D:\test-document.txt","SUCCESS","Offset: 0, Length: 2,078, I/O Flags: Non-cached, Paging I/O, Synchronous Paging I/O, Priority: Normal"
"9:23:05.2339941 PM","Notepad.exe","18080","QueryInformationVolume","D:\test-document.txt","SUCCESS","VolumeCreationTime: 1/1/1601 2:00:00 AM, VolumeSerialNumber: 3CE5-D415, SupportsObjects: False, VolumeLabel: "
"9:23:05.2340314 PM","Notepad.exe","18080","QueryAllInformationFile","D:\test-document.txt","BUFFER OVERFLOW","CreationTime: 9/12/2026 7:27:05 PM, LastAccessTime: 9/12/2026 12:00:00 AM, LastWriteTime: 5/23/2026 11:23:58 AM, ChangeTime: 1/1/1601 2:00:00 AM, FileAttributes: A, AllocationSize: 32,768, EndOfFile: 2,078"
"9:23:05.2360964 PM","Notepad.exe","18080","CreateFileMapping","D:\test-document.txt","FILE LOCKED WITH ONLY READERS","SyncType: SyncTypeCreateSection, PageProtection: PAGE_READONLY"
"9:23:05.2361551 PM","Notepad.exe","18080","QueryStandardInformationFile","D:\test-document.txt","SUCCESS","AllocationSize: 32,768, EndOfFile: 2,078, NumberOfLinks: 1, DeletePending: False, Directory: False"
"9:23:05.2362530 PM","Notepad.exe","18080","CreateFileMapping","D:\test-document.txt","SUCCESS","SyncType: SyncTypeOther"
"9:23:05.2363152 PM","Notepad.exe","18080","CloseFile","D:\test-document.txt","SUCCESS",""
"9:23:05.2885877 PM","Notepad.exe","18080","CreateFile","D:\","SUCCESS","Desired Access: Read Data/List Directory, Read Attributes, Synchronize, Disposition: Open, Options: Synchronous IO Non-Alert, Disallow Exclusive, Attributes: n/a, ShareMode: Read, Write, Delete, AllocationSize: n/a, OpenResult: Opened"
"9:23:05.2886503 PM","Notepad.exe","18080","QueryRemoteProtocolInformation","D:\","INVALID PARAMETER",""
"9:23:05.2886700 PM","Notepad.exe","18080","QueryDirectory","D:\test-document.txt","SUCCESS","FileInformationClass: FileIdBothDirectoryInformation, Filter: test-document.txt, 2: test-document.txt"
"9:23:05.2887222 PM","Notepad.exe","18080","CloseFile","D:\","SUCCESS",""
"9:23:05.5010503 PM","Notepad.exe","18080","CreateFile","D:\test-document.txt","SUCCESS","Desired Access: Read Attributes, Disposition: Open, Options: Open Reparse Point, Attributes: n/a, ShareMode: Read, Write, Delete, AllocationSize: n/a, OpenResult: Opened"
"9:23:05.5011004 PM","Notepad.exe","18080","QueryNetworkOpenInformationFile","D:\test-document.txt","SUCCESS","CreationTime: 9/12/2026 7:27:05 PM, LastAccessTime: 9/12/2026 12:00:00 AM, LastWriteTime: 5/23/2026 11:23:58 AM, ChangeTime: 1/1/1980 12:00:00 AM, AllocationSize: 1/1/1601 2:00:00 AM, EndOfFile: 1/1/1601 2:00:00 AM, FileAttributes: A"
"9:23:05.5011231 PM","Notepad.exe","18080","CloseFile","D:\test-document.txt","SUCCESS",""
"9:23:05.5013014 PM","Notepad.exe","18080","CreateFile","D:\test-document.txt","SUCCESS","Desired Access: Read Attributes, Disposition: Open, Options: Open Reparse Point, Attributes: n/a, ShareMode: Read, Write, Delete, AllocationSize: n/a, OpenResult: Opened"
"9:23:05.5013366 PM","Notepad.exe","18080","QueryNetworkOpenInformationFile","D:\test-document.txt","SUCCESS","CreationTime: 9/12/2026 7:27:05 PM, LastAccessTime: 9/12/2026 12:00:00 AM, LastWriteTime: 5/23/2026 11:23:58 AM, ChangeTime: 1/1/1980 12:00:00 AM, AllocationSize: 1/1/1601 2:00:00 AM, EndOfFile: 1/1/1601 2:00:00 AM, FileAttributes: A"
"9:23:05.5013568 PM","Notepad.exe","18080","CloseFile","D:\test-document.txt","SUCCESS",""
"9:23:05.5022542 PM","Explorer.EXE","9848","CreateFile","D:\test-document.txt","SUCCESS","Desired Access: Read Attributes, Disposition: Open, Options: Open Reparse Point, Attributes: n/a, ShareMode: Read, Write, Delete, AllocationSize: n/a, OpenResult: Opened"
"9:23:05.5022695 PM","Explorer.EXE","9848","QueryBasicInformationFile","D:\test-document.txt","SUCCESS","CreationTime: 9/12/2026 7:27:05 PM, LastAccessTime: 9/12/2026 12:00:00 AM, LastWriteTime: 5/23/2026 11:23:58 AM, ChangeTime: 1/1/1601 2:00:00 AM, FileAttributes: A"
"9:23:05.5022773 PM","Explorer.EXE","9848","CloseFile","D:\test-document.txt","SUCCESS",""
"9:23:05.5024911 PM","Explorer.EXE","9848","CreateFile","D:\test-document.txt","SUCCESS","Desired Access: Read Attributes, Disposition: Open, Options: Open Reparse Point, Attributes: n/a, ShareMode: Read, Write, Delete, AllocationSize: n/a, OpenResult: Opened"
"9:23:05.5025118 PM","Explorer.EXE","9848","QueryBasicInformationFile","D:\test-document.txt","SUCCESS","CreationTime: 9/12/2026 7:27:05 PM, LastAccessTime: 9/12/2026 12:00:00 AM, LastWriteTime: 5/23/2026 11:23:58 AM, ChangeTime: 1/1/1601 2:00:00 AM, FileAttributes: A"
"9:23:05.5025250 PM","Explorer.EXE","9848","CloseFile","D:\test-document.txt","SUCCESS",""
"9:23:05.5059064 PM","Explorer.EXE","9848","CreateFile","D:\","SUCCESS","Desired Access: Synchronize, Disposition: Open, Options: Directory, Synchronous IO Non-Alert, Attributes: n/a, ShareMode: Read, Write, AllocationSize: n/a, OpenResult: Opened"
"9:23:05.5059418 PM","Explorer.EXE","9848","QueryNameInformationFile","D:\","SUCCESS","Name: \"
"9:23:05.5059645 PM","Explorer.EXE","9848","QueryInformationVolume","D:\","SUCCESS","VolumeCreationTime: 1/1/1601 2:00:00 AM, VolumeSerialNumber: 3CE5-D415, SupportsObjects: False, VolumeLabel: "
"9:23:05.5059810 PM","Explorer.EXE","9848","CloseFile","D:\","SUCCESS",""
"9:23:05.5061095 PM","Explorer.EXE","9848","CreateFile","D:\test-document.txt","SUCCESS","Desired Access: Read Attributes, Synchronize, Disposition: Open, Options: Synchronous IO Non-Alert, Open Reparse Point, Attributes: n/a, ShareMode: Read, Write, Delete, AllocationSize: n/a, OpenResult: Opened"
"9:23:05.5061354 PM","Explorer.EXE","9848","QueryNetworkOpenInformationFile","D:\test-document.txt","SUCCESS","CreationTime: 9/12/2026 7:27:05 PM, LastAccessTime: 9/12/2026 12:00:00 AM, LastWriteTime: 5/23/2026 11:23:58 AM, ChangeTime: 1/1/1601 2:00:00 AM, AllocationSize: 1/1/1601 2:00:00 AM, EndOfFile: 1/1/1601 2:00:00 AM, FileAttributes: A"
"9:23:05.5061597 PM","Explorer.EXE","9848","FileSystemControl","D:\test-document.txt","INVALID DEVICE REQUEST","Control: FSCTL_CREATE_OR_GET_OBJECT_ID"
"9:23:05.5061771 PM","Explorer.EXE","9848","CloseFile","D:\test-document.txt","SUCCESS",""
"9:23:05.5177882 PM","Explorer.EXE","9848","CreateFile","D:\","SUCCESS","Desired Access: Read Data/List Directory, Read Attributes, Synchronize, Disposition: Open, Options: Synchronous IO Non-Alert, Attributes: n/a, ShareMode: Read, Write, Delete, AllocationSize: n/a, OpenResult: Opened"
"9:23:05.5178508 PM","Explorer.EXE","9848","QueryRemoteProtocolInformation","D:\","INVALID PARAMETER",""
"9:23:05.5178700 PM","Explorer.EXE","9848","QueryDirectory","D:\test-document.txt","SUCCESS","FileInformationClass: FileIdBothDirectoryInformation, Filter: test-document.txt, 2: test-document.txt"
"9:23:05.5179521 PM","Explorer.EXE","9848","CloseFile","D:\","SUCCESS",""
"9:23:05.5197514 PM","Explorer.EXE","9848","CreateFile","D:\","SUCCESS","Desired Access: Synchronize, Disposition: Open, Options: Directory, Synchronous IO Non-Alert, Attributes: n/a, ShareMode: Read, Write, AllocationSize: n/a, OpenResult: Opened"
"9:23:05.5198001 PM","Explorer.EXE","9848","QueryNameInformationFile","D:\","SUCCESS","Name: \"
"9:23:05.5198252 PM","Explorer.EXE","9848","QueryInformationVolume","D:\","SUCCESS","VolumeCreationTime: 1/1/1601 2:00:00 AM, VolumeSerialNumber: 3CE5-D415, SupportsObjects: False, VolumeLabel: "
"9:23:05.5198488 PM","Explorer.EXE","9848","CloseFile","D:\","SUCCESS",""
"9:23:05.5200296 PM","Explorer.EXE","9848","CreateFile","D:\test-document.txt","SUCCESS","Desired Access: Read Attributes, Synchronize, Disposition: Open, Options: Synchronous IO Non-Alert, Open Reparse Point, Attributes: n/a, ShareMode: Read, Write, Delete, AllocationSize: n/a, OpenResult: Opened"
"9:23:05.5200694 PM","Explorer.EXE","9848","QueryNetworkOpenInformationFile","D:\test-document.txt","SUCCESS","CreationTime: 9/12/2026 7:27:05 PM, LastAccessTime: 9/12/2026 12:00:00 AM, LastWriteTime: 5/23/2026 11:23:58 AM, ChangeTime: 1/1/1601 2:00:00 AM, AllocationSize: 1/1/1601 2:00:00 AM, EndOfFile: 1/1/1601 2:00:00 AM, FileAttributes: A"
"9:23:05.5200934 PM","Explorer.EXE","9848","FileSystemControl","D:\test-document.txt","INVALID DEVICE REQUEST","Control: FSCTL_CREATE_OR_GET_OBJECT_ID"
"9:23:05.5201111 PM","Explorer.EXE","9848","CloseFile","D:\test-document.txt","SUCCESS",""
"9:23:05.5249795 PM","Explorer.EXE","9848","CreateFile","D:\","SUCCESS","Desired Access: Read Attributes, Disposition: Open, Options: Open Reparse Point, Attributes: n/a, ShareMode: Read, Write, Delete, AllocationSize: n/a, OpenResult: Opened"
"9:23:05.5250131 PM","Explorer.EXE","9848","QueryBasicInformationFile","D:\","SUCCESS","CreationTime: 1/1/1601 2:00:00 AM, LastAccessTime: 1/1/1601 2:00:00 AM, LastWriteTime: 1/1/1601 2:00:00 AM, ChangeTime: 1/1/1601 2:00:00 AM, FileAttributes: D"
"9:23:05.5250554 PM","Explorer.EXE","9848","CloseFile","D:\","SUCCESS",""
"9:23:05.5253439 PM","Explorer.EXE","9848","CreateFile","D:\","SUCCESS","Desired Access: Read Attributes, Disposition: Open, Options: Open Reparse Point, Attributes: n/a, ShareMode: Read, Write, Delete, AllocationSize: n/a, OpenResult: Opened"
"9:23:05.5253632 PM","Explorer.EXE","9848","QueryBasicInformationFile","D:\","SUCCESS","CreationTime: 1/1/1601 2:00:00 AM, LastAccessTime: 1/1/1601 2:00:00 AM, LastWriteTime: 1/1/1601 2:00:00 AM, ChangeTime: 1/1/1601 2:00:00 AM, FileAttributes: D"
"9:23:05.5253734 PM","Explorer.EXE","9848","CloseFile","D:\","SUCCESS",""
"9:23:05.5280552 PM","Explorer.EXE","9848","CreateFile","D:\test-document.txt","SUCCESS","Desired Access: Read Attributes, Synchronize, Disposition: Open, Options: Synchronous IO Non-Alert, Non-Directory File, Attributes: n/a, ShareMode: Read, AllocationSize: n/a, OpenResult: Opened"
"9:23:05.5280792 PM","Explorer.EXE","9848","FileSystemControl","D:\test-document.txt","INVALID DEVICE REQUEST","Control: FSCTL_CREATE_OR_GET_OBJECT_ID"
"9:23:05.5280915 PM","Explorer.EXE","9848","CloseFile","D:\test-document.txt","SUCCESS",""
"9:23:07.2762446 PM","Notepad.exe","18080","CreateFile","D:\test-document.txt","SUCCESS","Desired Access: Read Attributes, Disposition: Open, Options: Open Reparse Point, Attributes: n/a, ShareMode: Read, Write, Delete, AllocationSize: n/a, OpenResult: Opened"
"9:23:07.2762708 PM","Notepad.exe","18080","QueryNetworkOpenInformationFile","D:\test-document.txt","SUCCESS","CreationTime: 9/12/2026 7:27:05 PM, LastAccessTime: 9/12/2026 12:00:00 AM, LastWriteTime: 5/23/2026 11:23:58 AM, ChangeTime: 1/1/1980 12:00:00 AM, AllocationSize: 1/1/1601 2:00:00 AM, EndOfFile: 1/1/1601 2:00:00 AM, FileAttributes: A"
"9:23:07.2762816 PM","Notepad.exe","18080","CloseFile","D:\test-document.txt","SUCCESS",""
"9:23:07.2764008 PM","Notepad.exe","18080","CreateFile","D:\test-document.txt","SUCCESS","Desired Access: Read Attributes, Disposition: Open, Options: Open Reparse Point, Attributes: n/a, ShareMode: Read, Write, Delete, AllocationSize: n/a, OpenResult: Opened"
"9:23:07.2764141 PM","Notepad.exe","18080","QueryNetworkOpenInformationFile","D:\test-document.txt","SUCCESS","CreationTime: 9/12/2026 7:27:05 PM, LastAccessTime: 9/12/2026 12:00:00 AM, LastWriteTime: 5/23/2026 11:23:58 AM, ChangeTime: 1/1/1980 12:00:00 AM, AllocationSize: 1/1/1601 2:00:00 AM, EndOfFile: 1/1/1601 2:00:00 AM, FileAttributes: A"
"9:23:07.2764229 PM","Notepad.exe","18080","CloseFile","D:\test-document.txt","SUCCESS",""
"9:23:07.3393321 PM","Notepad.exe","18080","CreateFile","D:\test-document.txt","SUCCESS","Desired Access: Read Attributes, Disposition: Open, Options: Open Reparse Point, Attributes: n/a, ShareMode: Read, Write, Delete, AllocationSize: n/a, OpenResult: Opened"
"9:23:07.3393535 PM","Notepad.exe","18080","QueryNetworkOpenInformationFile","D:\test-document.txt","SUCCESS","CreationTime: 9/12/2026 7:27:05 PM, LastAccessTime: 9/12/2026 12:00:00 AM, LastWriteTime: 5/23/2026 11:23:58 AM, ChangeTime: 1/1/1980 12:00:00 AM, AllocationSize: 1/1/1601 2:00:00 AM, EndOfFile: 1/1/1601 2:00:00 AM, FileAttributes: A"
"9:23:07.3393644 PM","Notepad.exe","18080","CloseFile","D:\test-document.txt","SUCCESS",""
"9:23:07.3394994 PM","Notepad.exe","18080","CreateFile","D:\test-document.txt","SUCCESS","Desired Access: Read Attributes, Disposition: Open, Options: Open Reparse Point, Attributes: n/a, ShareMode: Read, Write, Delete, AllocationSize: n/a, OpenResult: Opened"
"9:23:07.3395275 PM","Notepad.exe","18080","QueryNetworkOpenInformationFile","D:\test-document.txt","SUCCESS","CreationTime: 9/12/2026 7:27:05 PM, LastAccessTime: 9/12/2026 12:00:00 AM, LastWriteTime: 5/23/2026 11:23:58 AM, ChangeTime: 1/1/1980 12:00:00 AM, AllocationSize: 1/1/1601 2:00:00 AM, EndOfFile: 1/1/1601 2:00:00 AM, FileAttributes: A"
"9:23:07.3395439 PM","Notepad.exe","18080","CloseFile","D:\test-document.txt","SUCCESS",""
"9:23:07.4034015 PM","Notepad.exe","18080","CreateFile","D:\test-document.txt","SUCCESS","Desired Access: Read Attributes, Disposition: Open, Options: Open Reparse Point, Attributes: n/a, ShareMode: Read, Write, Delete, AllocationSize: n/a, OpenResult: Opened"
"9:23:07.4034271 PM","Notepad.exe","18080","QueryNetworkOpenInformationFile","D:\test-document.txt","SUCCESS","CreationTime: 9/12/2026 7:27:05 PM, LastAccessTime: 9/12/2026 12:00:00 AM, LastWriteTime: 5/23/2026 11:23:58 AM, ChangeTime: 1/1/1980 12:00:00 AM, AllocationSize: 1/1/1601 2:00:00 AM, EndOfFile: 1/1/1601 2:00:00 AM, FileAttributes: A"
"9:23:07.4034378 PM","Notepad.exe","18080","CloseFile","D:\test-document.txt","SUCCESS",""
"9:23:07.4035444 PM","Notepad.exe","18080","CreateFile","D:\test-document.txt","SUCCESS","Desired Access: Read Attributes, Disposition: Open, Options: Open Reparse Point, Attributes: n/a, ShareMode: Read, Write, Delete, AllocationSize: n/a, OpenResult: Opened"
"9:23:07.4035567 PM","Notepad.exe","18080","QueryNetworkOpenInformationFile","D:\test-document.txt","SUCCESS","CreationTime: 9/12/2026 7:27:05 PM, LastAccessTime: 9/12/2026 12:00:00 AM, LastWriteTime: 5/23/2026 11:23:58 AM, ChangeTime: 1/1/1980 12:00:00 AM, AllocationSize: 1/1/1601 2:00:00 AM, EndOfFile: 1/1/1601 2:00:00 AM, FileAttributes: A"
"9:23:07.4035647 PM","Notepad.exe","18080","CloseFile","D:\test-document.txt","SUCCESS",""
"9:23:07.8787727 PM","Notepad.exe","18080","CreateFile","D:\test-document.txt","SUCCESS","Desired Access: Read Attributes, Disposition: Open, Options: Open Reparse Point, Attributes: n/a, ShareMode: Read, Write, Delete, AllocationSize: n/a, OpenResult: Opened"
"9:23:07.8787905 PM","Notepad.exe","18080","QueryNetworkOpenInformationFile","D:\test-document.txt","SUCCESS","CreationTime: 9/12/2026 7:27:05 PM, LastAccessTime: 9/12/2026 12:00:00 AM, LastWriteTime: 5/23/2026 11:23:58 AM, ChangeTime: 1/1/1980 12:00:00 AM, AllocationSize: 1/1/1601 2:00:00 AM, EndOfFile: 1/1/1601 2:00:00 AM, FileAttributes: A"
"9:23:07.8787989 PM","Notepad.exe","18080","CloseFile","D:\test-document.txt","SUCCESS",""
"9:23:07.8788900 PM","Notepad.exe","18080","CreateFile","D:\test-document.txt","SUCCESS","Desired Access: Read Attributes, Disposition: Open, Options: Open Reparse Point, Attributes: n/a, ShareMode: Read, Write, Delete, AllocationSize: n/a, OpenResult: Opened"
"9:23:07.8789005 PM","Notepad.exe","18080","QueryNetworkOpenInformationFile","D:\test-document.txt","SUCCESS","CreationTime: 9/12/2026 7:27:05 PM, LastAccessTime: 9/12/2026 12:00:00 AM, LastWriteTime: 5/23/2026 11:23:58 AM, ChangeTime: 1/1/1980 12:00:00 AM, AllocationSize: 1/1/1601 2:00:00 AM, EndOfFile: 1/1/1601 2:00:00 AM, FileAttributes: A"
"9:23:07.8789072 PM","Notepad.exe","18080","CloseFile","D:\test-document.txt","SUCCESS",""
